Team,Player,Salary,Years,Option,Clause,Offer Text,Datetime,Age,Ovr,Pot,Hgt,Stre,Spd,Jmp,Endu,Ins,Dnk,Ft,Fg,Tp,Oiq,Diq,Drb,Pss,Reb,Tier,Date,Time,Notes,Reddy,Alo,Shidaw,Spiff,Nuz,Card,Marco,Accept,Decline,Sign
Detroit Pistons,Afik Timor,$ 13M,4,None,None,"<@&748315740846686318> offer **Afik Timor** 4 year(s), $ 13M",11/22/2020 4:12:41,20,53,71,32,55,73,69,45,34,38,55,53,59,33,35,73,67,41,T2,11/22/2020,4:12:41 AM,,decline,,Decline,Decline,,accept,,1,3,
Aguacateros de Michoacán,Afik Timor,$ 12.5M,4,None,None,"<@&747190257077977142> offer **Afik Timor** 4 year(s), $ 12.5M",11/21/2020 18:37:51,20,53,71,32,55,73,69,45,34,38,55,53,59,33,35,73,67,41,T2,11/21/2020,6:37:51 PM,,decline,,,,,,,0,1,
Detroit Pistons,Afik Timor,$ 12M,4,None,None,"<@&748315740846686318> offer **Afik Timor** 4 year(s), $ 12M",11/21/2020 18:14:49,20,53,71,32,55,73,69,45,34,38,55,53,59,33,35,73,67,41,T2,11/21/2020,6:14:49 PM,,decline,,,,,,,0,1,
Aguacateros de Michoacán,Afik Timor,$ 8.5M,4,None,None,"<@&747190257077977142> offer **Afik Timor** 4 year(s), $ 8.5M",11/21/2020 3:39:08,20,53,71,32,55,73,69,45,34,38,55,53,59,33,35,73,67,41,T2,11/21/2020,3:39:08 AM,,decline,,,,,,,0,1,
Las Vegas Aces,Afik Timor,$ 8M,4,None,None,"<@&499617380905779221> offer **Afik Timor** 4 year(s), $ 8M",11/21/2020 1:19:43,20,53,71,32,55,73,69,45,34,38,55,53,59,33,35,73,67,41,T1,11/21/2020,1:19:43 AM,,decline,,,,,,,0,1,
Punjab Steelers,Aimar Narvaez,$ 3M,2,None,None,"<@&543525032651915276> offer **Aimar Narvaez** 2 year(s), $ 3M",11/23/2020 11:37:26,33,56,56,60,64,30,17,34,64,69,41,57,41,57,64,59,54,63,T1,11/23/2020,11:37:26 AM,,,,Accept,Accept,,accept,,3,0,Y
Bayern Munich,Alek Mroz,$ 1M,2,None,None,"<@&499616451225976843> offer **Alek Mroz** 2 year(s), $ 1M",11/24/2020 0:10:36,31,51,51,13,42,54,46,38,58,46,46,59,58,56,52,68,85,47,T2,11/24/2020,12:10:36 AM,,decline,,Accept,Accept,,accept,,3,1,Y
Detroit Pistons,Anas Ghanem,$ 9M,2,None,None,"<@&748315740846686318> offer **Anas Ghanem** 2 year(s), $ 9M",11/21/2020 18:10:10,23,59,65,53,46,67,62,62,30,59,47,45,55,46,51,59,50,46,T2,11/21/2020,6:10:10 PM,,decline,,Decline,Decline,,decline,,0,4,
Brisbane Bullets,Andrea Cardillo,$ 10M,3,None,None,"<@&461550058706436106> offer **Andrea Cardillo** 3 year(s), $ 10M",11/22/2020 1:18:21,25,62,65,55,58,65,66,47,42,68,65,72,70,51,51,50,44,47,T1,11/22/2020,1:18:21 AM,,decline,,Decline,Decline,Decline,decline,decline,0,6,
Las Vegas Aces,Andrea Cardillo,$ 8M,3,None,None,"<@&499617380905779221> offer **Andrea Cardillo** 3 year(s), $ 8M",11/21/2020 1:21:44,25,62,65,55,58,65,66,47,42,68,65,72,70,51,51,50,44,47,T1,11/21/2020,1:21:44 AM,,decline,,,,,,decline,0,2,
Liaoning Flying Leopards,Benjamin Elombè,$ 6.5M,4,PO,None,"<@&747243757132578937> offer **Benjamin Elombè** 4 year(s) + PO, $ 6.5M",11/23/2020 18:14:17,32,67,67,61,75,42,40,43,55,69,42,42,46,75,73,59,62,80,T1,11/23/2020,6:14:17 PM,,decline,,Decline,Decline,,decline,,0,4,
Liaoning Flying Leopards,Benjamin Elombè,$ 6.5M,5,None,No Trade Clause,"<@&747243757132578937> offer **Benjamin Elombè** 5 year(s), $ 6.5M (No Trade Clause)",11/23/2020 14:24:12,32,67,67,61,75,42,40,43,55,69,42,42,46,75,73,59,62,80,T1,11/23/2020,2:24:12 PM,,decline,,,,,decline,,0,2,
Brisbane Bullets,Benjamin Elombè,$ 15.5M,1,PO,None,"<@&461550058706436106> offer **Benjamin Elombè** 1 year(s) + PO, $ 15.5M",11/23/2020 9:38:33,32,67,67,61,75,42,40,43,55,69,42,42,46,75,73,59,62,80,T1,11/23/2020,9:38:33 AM,,decline,,,,,decline,,0,2,
Liaoning Flying Leopards,Benjamin Elombè,$ 6M,4,PO,No Trade Clause,"<@&747243757132578937> offer **Benjamin Elombè** 4 year(s) + PO, $ 6M (No Trade Clause)",11/23/2020 7:43:45,32,67,67,61,75,42,40,43,55,69,42,42,46,75,73,59,62,80,T1,11/23/2020,7:43:45 AM,,decline,,,,,decline,,0,2,
The Hague Royals,Benjamin Elombè,$ 15M,1,PO,No Trade Clause,"<@&746528144642670692> offer **Benjamin Elombè** 1 year(s) + PO, $ 15M (No Trade Clause)",11/22/2020 0:11:05,32,67,67,61,75,42,40,43,55,69,42,42,46,75,73,59,62,80,T2,11/22/2020,12:11:05 AM,,decline,,,,,decline,,0,2,
CSKA Moscow,Boubacar Diallo,$ 4M,4,None,None,"<@&461549371440496651> offer **Boubacar Diallo** 4 year(s), $ 4M",11/21/2020 4:48:28,19,39,65,49,46,61,67,17,28,37,43,43,39,40,26,51,43,41,T2,11/21/2020,4:48:28 AM,,accept,,Decline,Accept,,accept,,3,1,Y
Las Vegas Aces,Boubacar Diallo,$ 3M,3,TO,None,"<@&499617380905779221> offer **Boubacar Diallo** 3 year(s) + TO, $ 3M",11/21/2020 1:20:37,19,39,65,49,46,61,67,17,28,37,43,43,39,40,26,51,43,41,T1,11/21/2020,1:20:37 AM,,decline,,,,,decline,,0,2,
Brisbane Bullets,Brandon Baluyot,$ 2.5M,2,2TO,None,"<@&461550058706436106> offer **Brandon Baluyot** 2 year(s) + 2TO, $ 2.5M",11/22/2020 1:44:40,19,38,64,34,42,73,67,30,30,58,32,38,44,29,25,65,43,54,T1,11/22/2020,1:44:40 AM,,decline,,Decline,Accept,,decline,,1,3,
Liaoning Flying Leopards,Calum Ruscoe,$ 6.5M,3,None,None,"<@&747243757132578937> offer **Calum Ruscoe** 3 year(s), $ 6.5M",11/23/2020 7:36:45,24,62,69,42,57,50,49,50,50,57,63,56,64,67,65,61,55,57,T1,11/23/2020,7:36:45 AM,,decline,,,,,decline,,0,2,
Bayern Munich,Calum Ruscoe,$ 12M,4,None,None,"<@&499616451225976843> offer **Calum Ruscoe** 4 year(s), $ 12M",11/23/2020 4:39:06,24,62,69,42,57,50,49,50,50,57,63,56,64,67,65,61,55,57,T2,11/23/2020,4:39:06 AM,,decline,,,Decline,,decline,,0,3,
New York Knicks,Calum Ruscoe,$ 10M,2,2PO,None,"<@&748040264660287569> offer **Calum Ruscoe** 2 year(s) + 2PO, $ 10M",11/22/2020 0:16:29,24,62,69,42,57,50,49,50,50,57,63,56,64,67,65,61,55,57,T1,11/22/2020,12:16:29 AM,,decline,,,,,accept,,1,1,
Bayern Munich,Calum Ruscoe,$ 10M,4,None,None,"<@&499616451225976843> offer **Calum Ruscoe** 4 year(s), $ 10M",11/21/2020 21:53:14,24,62,69,42,57,50,49,50,50,57,63,56,64,67,65,61,55,57,T2,11/21/2020,9:53:14 PM,,decline,,,,,decline,,0,2,
Las Vegas Aces,Calum Ruscoe,$ 9M,4,None,None,"<@&499617380905779221> offer **Calum Ruscoe** 4 year(s), $ 9M",11/21/2020 1:15:19,24,62,69,42,57,50,49,50,50,57,63,56,64,67,65,61,55,57,T1,11/21/2020,1:15:19 AM,,decline,,,,,decline,,0,2,
Bayern Munich,Carlos Daniel Ferrari,$ 1M,2,2TO,None,"<@&499616451225976843> offer **Carlos Daniel Ferrari** 2 year(s) + 2TO, $ 1M",11/23/2020 18:43:01,21,42,59,55,54,47,44,29,62,49,35,31,25,47,38,44,42,57,T2,11/23/2020,6:43:01 PM,,decline,,Decline,Decline,,decline,,0,4,
Aguacateros de Michoacán,Carlos Escrivá,$ 1M,3,TO,None,"<@&747190257077977142> offer **Carlos Escrivá** 3 year(s) + TO, $ 1M",11/21/2020 3:51:52,21,36,60,72,47,48,44,28,36,46,31,32,30,26,34,31,35,42,T2,11/21/2020,3:51:52 AM,,decline,,Decline,Decline,,accept,,1,3,
Partizan Belgrade,Chris Larsen,$ 1.5M,2,2TO,None,"<@&747243065600770048> offer **Chris Larsen** 2 year(s) + 2TO, $ 1.5M",11/23/2020 9:26:44,19,28,58,49,27,42,43,17,24,29,38,47,45,28,24,45,42,34,T2,11/23/2020,9:26:44 AM,,decline,,Decline,Accept,,accept,accept,3,2,Y
Brisbane Bullets,Chris Larsen,$ 1M,2,2TO,None,"<@&461550058706436106> offer **Chris Larsen** 2 year(s) + 2TO, $ 1M",11/22/2020 1:43:00,19,28,58,49,27,42,43,17,24,29,38,47,45,28,24,45,42,34,T1,11/22/2020,1:43:00 AM,,decline,,,,,decline,decline,0,3,
Sichuan Blue Whales,Ciceron Sabbattini,$ 5M,2,TO,None,"<@&748315289870925865> offer **Ciceron Sabbattini** 2 year(s) + TO, $ 5M",11/22/2020 4:37:32,23,51,62,41,45,82,68,39,22,24,29,36,32,42,35,65,68,51,T1,11/22/2020,4:37:32 AM,,accept,,Decline,Decline,,decline,,1,3,
Brisbane Bullets,Darmali Déshì,$ 13M,2,None,None,"<@&461550058706436106> offer **Darmali Déshì** 2 year(s), $ 13M",11/22/2020 8:05:55,31,64,64,68,70,37,32,68,74,62,63,65,56,63,59,46,55,68,T1,11/22/2020,8:05:55 AM,,decline,,Accept,Accept,,accept,,3,1,Y
Brisbane Bullets,Darmali Déshì,$ 12M,1,None,None,"<@&461550058706436106> offer **Darmali Déshì** 1 year(s), $ 12M",11/22/2020 1:22:58,31,64,64,68,70,37,32,68,74,62,63,65,56,63,59,46,55,68,T1,11/22/2020,1:22:58 AM,,decline,,,,,decline,,0,2,
Partizan Belgrade,Dusan Capela,$ 1.5M,2,2TO,None,"<@&747243065600770048> offer **Dusan Capela** 2 year(s) + 2TO, $ 1.5M",11/23/2020 9:27:14,19,29,56,62,46,43,46,16,39,44,22,20,18,24,25,42,35,50,T2,11/23/2020,9:27:14 AM,,accept,,Decline,Accept,,accept,,3,1,Y
Cangrejeros de Santurce,Enzo Salgado,$ 25M,4,PO,No Trade Clause,"<@&461548589760643072> offer **Enzo Salgado** 4 year(s) + PO, $ 25M (No Trade Clause)",11/22/2020 0:05:57,24,67,71,55,63,72,70,46,36,57,53,56,58,63,57,66,59,56,T1,11/22/2020,12:05:57 AM,,decline,,Decline,,,accept,,1,2,
Brisbane Bullets,Enzo Salgado,$ 25M,2,2PO,None,"<@&461550058706436106> offer **Enzo Salgado** 2 year(s) + 2PO, $ 25M",11/21/2020 23:29:30,24,67,71,55,63,72,70,46,36,57,53,56,58,63,57,66,59,56,T1,11/21/2020,11:29:30 PM,,decline,,,Decline,,decline,,0,3,
Cangrejeros de Santurce,Enzo Salgado,$ 24M,4,PO,None,"<@&461548589760643072> offer **Enzo Salgado** 4 year(s) + PO, $ 24M",11/21/2020 23:14:01,24,67,71,55,63,72,70,46,36,57,53,56,58,63,57,66,59,56,T1,11/21/2020,11:14:01 PM,,decline,,,,,,,0,1,
Brisbane Bullets,Enzo Salgado,$ 25M,3,PO,None,"<@&461550058706436106> offer **Enzo Salgado** 3 year(s) + PO, $ 25M",11/21/2020 23:10:30,24,67,71,55,63,72,70,46,36,57,53,56,58,63,57,66,59,56,T1,11/21/2020,11:10:30 PM,,decline,,,,,,,0,1,
Cangrejeros de Santurce,Enzo Salgado,$ 22M,4,PO,None,"<@&461548589760643072> offer **Enzo Salgado** 4 year(s) + PO, $ 22M",11/21/2020 23:08:33,24,67,71,55,63,72,70,46,36,57,53,56,58,63,57,66,59,56,T1,11/21/2020,11:08:33 PM,,decline,,,,,,,0,1,
Brisbane Bullets,Enzo Salgado,$ 23M,3,PO,None,"<@&461550058706436106> offer **Enzo Salgado** 3 year(s) + PO, $ 23M",11/21/2020 23:05:54,24,67,71,55,63,72,70,46,36,57,53,56,58,63,57,66,59,56,T1,11/21/2020,11:05:54 PM,,decline,,,,,,,0,1,
Cangrejeros de Santurce,Enzo Salgado,$ 20M,4,PO,None,"<@&461548589760643072> offer **Enzo Salgado** 4 year(s) + PO, $ 20M",11/20/2020 23:49:01,24,67,71,55,63,72,70,46,36,57,53,56,58,63,57,66,59,56,T1,11/20/2020,11:49:01 PM,,decline,,,,,,,0,1,
Aguacateros de Michoacán,Erwin Bauer,$ 8.5M,4,None,None,"<@&747190257077977142> offer **Erwin Bauer** 4 year(s), $ 8.5M",11/22/2020 5:25:23,19,45,65,30,45,82,77,33,34,28,35,45,39,36,26,66,73,45,T2,11/22/2020,5:25:23 AM,,decline,,Decline,Decline,,accept,,1,3,
Detroit Pistons,Erwin Bauer,$ 8M,4,None,None,"<@&748315740846686318> offer **Erwin Bauer** 4 year(s), $ 8M",11/22/2020 4:12:27,19,45,65,30,45,82,77,33,34,28,35,45,39,36,26,66,73,45,T2,11/22/2020,4:12:27 AM,,decline,,,,,,,0,1,
ManU Red Devils,Erwin Bauer,$ 7.5M,4,None,None,"<@&747995420034334790> offer **Erwin Bauer** 4 year(s), $ 7.5M",11/21/2020 22:08:49,19,45,65,30,45,82,77,33,34,28,35,45,39,36,26,66,73,45,T2,11/21/2020,10:08:49 PM,,decline,,,,,,,0,1,
Detroit Pistons,Erwin Bauer,$ 6M,3,TO,None,"<@&748315740846686318> offer **Erwin Bauer** 3 year(s) + TO, $ 6M",11/21/2020 18:04:59,19,45,65,30,45,82,77,33,34,28,35,45,39,36,26,66,73,45,T2,11/21/2020,6:04:59 PM,,decline,,,,,,,0,1,
Sichuan Blue Whales,Erwin Bauer,$ 3M,3,PO,None,"<@&748315289870925865> offer **Erwin Bauer** 3 year(s) + PO, $ 3M",11/21/2020 8:43:12,19,45,65,30,45,82,77,33,34,28,35,45,39,36,26,66,73,45,T1,11/21/2020,8:43:12 AM,,decline,,,,,decline,,0,2,
Aguacateros de Michoacán,Erwin Bauer,$ 1.5M,2,TO/PO,None,"<@&747190257077977142> offer **Erwin Bauer** 2 year(s) + TO/PO, $ 1.5M",11/21/2020 3:48:43,19,45,65,30,45,82,77,33,34,28,35,45,39,36,26,66,73,45,T2,11/21/2020,3:48:43 AM,,decline,,,,,decline,,0,2,
Bayern Munich,Facundo Zaccardo,$ 1M,2,2TO,None,"<@&499616451225976843> offer **Facundo Zaccardo** 2 year(s) + 2TO, $ 1M",11/23/2020 18:43:25,23,47,57,66,52,40,39,47,50,42,29,32,32,44,50,37,40,55,T2,11/23/2020,6:43:25 PM,,decline,,Decline,Decline,,decline,,0,4,
Brisbane Bullets,Gerhard Fischer,$ 9M,2,None,None,"<@&461550058706436106> offer **Gerhard Fischer** 2 year(s), $ 9M",11/22/2020 1:30:30,28,62,64,52,40,78,61,52,48,38,49,53,53,52,50,75,69,52,T1,11/22/2020,1:30:30 AM,,decline,,Decline,Decline,,decline,,0,4,
NLEX Road Warriors,Girgis Khammar,$ 10M,1,PO,None,"<@&748018392040079460> offer **Girgis Khammar** 1 year(s) + PO, $ 10M",11/22/2020 23:38:35,28,61,62,55,69,69,65,57,51,84,70,70,64,47,39,45,39,43,T1,11/22/2020,11:38:35 PM,,decline,,Decline,Decline,,decline,,0,4,
Brisbane Bullets,Girgis Khammar,$ 9M,1,PO,None,"<@&461550058706436106> offer **Girgis Khammar** 1 year(s) + PO, $ 9M",11/22/2020 8:00:39,28,61,62,55,69,69,65,57,51,84,70,70,64,47,39,45,39,43,T1,11/22/2020,8:00:39 AM,,decline,,,,,,,0,1,
NLEX Road Warriors,Girgis Khammar,$ 9M,2,TO,None,"<@&748018392040079460> offer **Girgis Khammar** 2 year(s) + TO, $ 9M",11/22/2020 4:47:06,28,61,62,55,69,69,65,57,51,84,70,70,64,47,39,45,39,43,T1,11/22/2020,4:47:06 AM,,decline,,,,,,,0,1,
Brisbane Bullets,Girgis Khammar,$ 8.5M,1,PO,None,"<@&461550058706436106> offer **Girgis Khammar** 1 year(s) + PO, $ 8.5M",11/22/2020 1:34:27,28,61,62,55,69,69,65,57,51,84,70,70,64,47,39,45,39,43,T1,11/22/2020,1:34:27 AM,,decline,,,,,,,0,1,
CSKA Moscow,Haluk Karaman,$ 2.5M,3,TO,None,"<@&461549371440496651> offer **Haluk Karaman** 3 year(s) + TO, $ 2.5M",11/21/2020 4:50:14,22,46,58,49,37,48,49,50,40,46,45,36,50,39,37,66,52,53,T2,11/21/2020,4:50:14 AM,,decline,,Decline,Accept,,decline,,1,3,
CSKA Moscow,Happy Misse,$ 1.5M,2,2TO,None,"<@&461549371440496651> offer **Happy Misse** 2 year(s) + 2TO, $ 1.5M",11/21/2020 4:57:35,23,44,55,39,50,53,54,46,36,53,34,22,39,44,39,58,46,49,T2,11/21/2020,4:57:35 AM,,accept,,Decline,Accept,,accept,,3,1,Y
Las Vegas Aces,Hernan Simone,$ 1.5M,2,None,None,"<@&499617380905779221> offer **Hernan Simone** 2 year(s), $ 1.5M",11/22/2020 0:20:59,26,56,59,58,50,52,52,37,40,45,69,64,63,51,43,53,46,39,T1,11/22/2020,12:20:59 AM,,decline,,Decline,Decline,,decline,,0,4,
Detroit Pistons,Hugo Kelly,$ 6.5M,2,PO,No Trade Clause,"<@&748315740846686318> offer **Hugo Kelly** 2 year(s) + PO, $ 6.5M (No Trade Clause)",11/23/2020 15:18:24,23,56,64,55,46,62,54,47,29,50,46,53,54,42,51,60,44,46,T2,11/23/2020,3:18:24 PM,,decline,,Decline,Decline,,accept,,1,3,
Sichuan Blue Whales,Hugo Kelly,$ 6M,2,PO,No Trade Clause,"<@&748315289870925865> offer **Hugo Kelly** 2 year(s) + PO, $ 6M (No Trade Clause)",11/21/2020 20:29:55,23,56,64,55,46,62,54,47,29,50,46,53,54,42,51,60,44,46,T1,11/21/2020,8:29:55 PM,,decline,,,,,decline,,0,2,
Detroit Pistons,Hugo Kelly,$ 6.5M,3,TO/PO,None,"<@&748315740846686318> offer **Hugo Kelly** 3 year(s) + TO/PO, $ 6.5M",11/21/2020 18:12:43,23,56,64,55,46,62,54,47,29,50,46,53,54,42,51,60,44,46,T2,11/21/2020,6:12:43 PM,,decline,,,,,decline,,0,2,
Sichuan Blue Whales,Hugo Kelly,$ 6M,2,None,No Trade Clause,"<@&748315289870925865> offer **Hugo Kelly** 2 year(s), $ 6M (No Trade Clause)",11/21/2020 4:04:43,23,56,64,55,46,62,54,47,29,50,46,53,54,42,51,60,44,46,T1,11/21/2020,4:04:43 AM,,decline,,,,,decline,,0,2,
Las Vegas Aces,Hugo Kelly,$ 4M,3,TO,None,"<@&499617380905779221> offer **Hugo Kelly** 3 year(s) + TO, $ 4M",11/21/2020 1:43:15,23,56,64,55,46,62,54,47,29,50,46,53,54,42,51,60,44,46,T1,11/21/2020,1:43:15 AM,,decline,,,,,decline,,0,2,
Punjab Steelers,Isaias Valerio,$ 1.5M,2,2TO,None,"<@&543525032651915276> offer **Isaias Valerio** 2 year(s) + 2TO, $ 1.5M",11/23/2020 11:38:10,19,32,58,67,48,46,49,17,34,45,25,28,25,19,26,37,44,52,T1,11/23/2020,11:38:10 AM,,decline,,Decline,Accept,,accept,decline,2,3,
Brisbane Bullets,Isaias Valerio,$ 1M,2,2TO,None,"<@&461550058706436106> offer **Isaias Valerio** 2 year(s) + 2TO, $ 1M",11/23/2020 9:34:35,19,32,58,67,48,46,49,17,34,45,25,28,25,19,26,37,44,52,T1,11/23/2020,9:34:35 AM,,decline,,,,,decline,decline,0,3,
New York Knicks,Isidoro Leguizamo,$ 5M,5,None,None,"<@&748040264660287569> offer **Isidoro Leguizamo** 5 year(s), $ 5M",11/22/2020 0:11:24,30,57,57,70,58,39,31,41,34,51,26,43,30,60,55,63,52,82,T1,11/22/2020,12:11:24 AM,,decline,,,Accept,Accept,accept,decline,3,2,Y
Cangrejeros de Santurce,Jamal al-Harradi,$ 7M,1,None,None,"<@&461548589760643072> offer **Jamal al-Harradi** 1 year(s), $ 7M",11/22/2020 0:51:49,27,58,58,69,56,40,39,55,55,43,51,40,57,59,50,48,41,52,T1,11/22/2020,12:51:49 AM,,decline,,Decline,Decline,,accept,,1,3,
Pittsburgh Condors,Jason Moderation,$ 1.5M,2,None,None,"<@&461548337192108033> offer **Jason Moderation** 2 year(s), $ 1.5M",11/21/2020 1:57:26,25,50,53,31,40,49,46,40,36,35,47,46,47,66,47,60,65,46,T2,11/21/2020,1:57:26 AM,,decline,,Accept,Decline,,-,decline,1,3,
Miami Heat,Joey Wang,$ 26M,2,2PO,No Trade Clause,"<@&461548207407628289> offer **Joey Wang** 2 year(s) + 2PO, $ 26M (No Trade Clause)",11/23/2020 19:35:12,23,66,75,58,61,40,38,73,63,58,54,57,64,51,83,51,51,70,T1,11/23/2020,7:35:12 PM,,decline,,Decline,Accept,,accept,accept,3,2,Y
The Hague Royals,Joey Wang,$ 25M,2,2PO,No Trade Clause,"<@&746528144642670692> offer **Joey Wang** 2 year(s) + 2PO, $ 25M (No Trade Clause)",11/23/2020 18:45:39,23,66,75,58,61,40,38,73,63,58,54,57,64,51,83,51,51,70,T2,11/23/2020,6:45:39 PM,,decline,,,,,decline,decline,0,3,
Miami Heat,Joey Wang,$ 24.5M,2,2PO,No Trade Clause,"undefined offer **Joey Wang** 2 year(s) + 2PO, $ 24.5M (No Trade Clause)",11/23/2020 17:33:35,23,66,75,58,61,40,38,73,63,58,54,57,64,51,83,51,51,70,T1,11/23/2020,5:33:35 PM,,decline,,,,,decline,decline,0,3,
The Hague Royals,Joey Wang,$ 25M,2,2PO,None,"<@&746528144642670692> offer **Joey Wang** 2 year(s) + 2PO, $ 25M",11/22/2020 0:01:07,23,66,75,58,61,40,38,73,63,58,54,57,64,51,83,51,51,70,T2,11/22/2020,12:01:07 AM,,decline,,,,,decline,decline,0,3,
The Hague Royals,Joey Wang,$ 25M,3,PO,None,"<@&746528144642670692> offer **Joey Wang** 3 year(s) + PO, $ 25M",11/21/2020 23:58:44,23,66,75,58,61,40,38,73,63,58,54,57,64,51,83,51,51,70,T2,11/21/2020,11:58:44 PM,,decline,,,,,,decline,0,2,
CSKA Moscow,Joey Wang,$ 23M,2,2PO,None,"<@&461549371440496651> offer **Joey Wang** 2 year(s) + 2PO, $ 23M",11/21/2020 4:53:17,23,66,75,58,61,40,38,73,63,58,54,57,64,51,83,51,51,70,T2,11/21/2020,4:53:17 AM,,decline,,,,,,decline,0,2,
CSKA Moscow,Joshua Tchiengang,$ 25M,3,None,None,"<@&461549371440496651> offer **Joshua Tchiengang** 3 year(s), $ 25M",11/24/2020 1:05:03,28,71,73,57,67,75,66,68,53,77,55,58,61,59,60,70,55,61,T2,11/24/2020,1:05:03 AM,,decline,,Decline,Decline,,decline,,0,4,
ManU Red Devils,Josip-Jerko Zizic,$ 1.5M,2,2TO,None,"<@&747995420034334790> offer **Josip-Jerko Zizic** 2 year(s) + 2TO, $ 1.5M",11/21/2020 22:10:25,20,39,59,69,65,50,48,27,50,39,27,30,24,35,25,36,40,61,T2,11/21/2020,10:10:25 PM,,decline,,Decline,Accept,,accept,decline,2,3,
The Hague Royals,Judge Wimmer,$ 12M,3,PO,None,"<@&746528144642670692> offer **Judge Wimmer** 3 year(s) + PO, $ 12M",11/23/2020 17:40:41,24,61,65,48,68,66,70,48,46,75,44,52,45,48,57,59,46,45,T2,11/23/2020,5:40:41 PM,,decline,,Accept,Accept,Decline,-,decline,2,3,
Pittsburgh Condors,Judge Wimmer,$ 12M,4,None,None,"<@&461548337192108033> offer **Judge Wimmer** 4 year(s), $ 12M",11/21/2020 1:53:23,24,61,65,48,68,66,70,48,46,75,44,52,45,48,57,59,46,45,T2,11/21/2020,1:53:23 AM,,decline,,,,,-,decline,0,2,
Brisbane Bullets,Jules Seck,$ 8M,3,None,None,"<@&461550058706436106> offer **Jules Seck** 3 year(s), $ 8M",11/22/2020 1:32:09,25,61,64,46,57,53,55,48,43,53,62,63,63,58,57,69,58,52,T1,11/22/2020,1:32:09 AM,,decline,,Decline,Decline,,decline,,0,4,
Las Vegas Aces,Julio Padrón,$ 1M,2,2TO,None,"<@&499617380905779221> offer **Julio Padrón** 2 year(s) + 2TO, $ 1M",11/22/2020 0:19:02,24,49,55,24,46,66,72,62,32,37,54,43,60,38,47,50,51,34,T1,11/22/2020,12:19:02 AM,,decline,,Decline,Decline,,accept,,1,3,
Punjab Steelers,Kongkidakorn Singhapat,$ 5M,2,2TO,None,"<@&543525032651915276> offer **Kongkidakorn Singhapat** 2 year(s) + 2TO, $ 5M",11/23/2020 11:36:55,31,57,57,56,49,51,49,44,38,61,62,59,62,54,46,59,48,47,T1,11/23/2020,11:36:55 AM,,,,Decline,Decline,,decline,,0,3,
Liaoning Flying Leopards,Kou Chisima,$ 4.5M,5,None,No Trade Clause,"<@&747243757132578937> offer **Kou Chisima** 5 year(s), $ 4.5M (No Trade Clause)",11/23/2020 7:45:34,28,64,65,61,56,34,30,75,62,50,62,62,60,64,64,58,63,84,T1,11/23/2020,7:45:34 AM,,decline,,Decline,Decline,,decline,,0,4,
Las Vegas Aces,Ku Kwang-Hyok,$ 1.5M,3,TO,None,"<@&499617380905779221> offer **Ku Kwang-Hyok** 3 year(s) + TO, $ 1.5M",11/22/2020 0:13:46,19,31,58,46,35,63,62,19,14,56,33,32,36,21,23,48,37,41,T1,11/22/2020,12:13:46 AM,,decline,,Accept,Accept,,accept,,3,1,Y
Miami Heat,Ladislav Balvin,$ 9M,1,2PO,No Trade Clause,"<@&461548207407628289> offer **Ladislav Balvin** 1 year(s) + 2PO, $ 9M (No Trade Clause)",11/23/2020 19:39:12,29,64,64,54,58,50,52,51,53,68,59,53,53,59,61,70,63,55,T1,11/23/2020,7:39:12 PM,,decline,,Decline,Decline,,decline,,0,4,
Las Vegas Aces,Ladislav Balvin,$ 9M,3,None,No Trade Clause,"<@&499617380905779221> offer **Ladislav Balvin** 3 year(s), $ 9M (No Trade Clause)",11/21/2020 1:10:35,29,64,64,54,58,50,52,51,53,68,59,53,53,59,61,70,63,55,T1,11/21/2020,1:10:35 AM,,decline,,,,,decline,,0,2,
CSKA Moscow,Maciej Bialek,$ 9.5M,4,None,None,"<@&461549371440496651> offer **Maciej Bialek** 4 year(s), $ 9.5M",11/24/2020 0:53:10,21,48,59,80,54,39,51,36,40,41,32,29,28,41,40,40,45,49,T2,11/24/2020,12:53:10 AM,,accept,,Accept,Accept,,-,,3,0,Y
ManU Red Devils,Maciej Bialek,$ 8M,4,None,None,"<@&747995420034334790> offer **Maciej Bialek** 4 year(s), $ 8M",11/21/2020 22:07:06,21,48,59,80,54,39,51,36,40,41,32,29,28,41,40,40,45,49,T2,11/21/2020,10:07:06 PM,,decline,,,,,-,,0,1,
CSKA Moscow,Maciej Bialek,$ 7M,4,None,None,"<@&461549371440496651> offer **Maciej Bialek** 4 year(s), $ 7M",11/21/2020 4:36:44,21,48,59,80,54,39,51,36,40,41,32,29,28,41,40,40,45,49,T2,11/21/2020,4:36:44 AM,,decline,,,,,-,,0,1,
Pittsburgh Condors,Maciej Bialek,$ 6M,4,None,None,"<@&461548337192108033> offer **Maciej Bialek** 4 year(s), $ 6M",11/21/2020 3:53:20,21,48,59,80,54,39,51,36,40,41,32,29,28,41,40,40,45,49,T2,11/21/2020,3:53:20 AM,,decline,,,,,-,,0,1,
Cangrejeros de Santurce,Maciej Bialek,$ 5M,3,TO,None,"<@&461548589760643072> offer **Maciej Bialek** 3 year(s) + TO, $ 5M",11/20/2020 23:49:34,21,48,59,80,54,39,51,36,40,41,32,29,28,41,40,40,45,49,T1,11/20/2020,11:49:34 PM,,decline,,,,,-,,0,1,
The Hague Royals,Mạnh Hiền,$ 13M,3,PO,None,"<@&746528144642670692> offer **Mạnh Hiền** 3 year(s) + PO, $ 13M",11/23/2020 17:41:11,24,62,67,54,62,72,69,53,53,58,54,61,56,45,54,48,47,48,T2,11/23/2020,5:41:11 PM,,decline,,Accept,Decline,,-,decline,1,3,
Pittsburgh Condors,Mạnh Hiền,$ 13M,4,None,None,"<@&461548337192108033> offer **Mạnh Hiền** 4 year(s), $ 13M",11/21/2020 1:54:18,24,62,67,54,62,72,69,53,53,58,54,61,56,45,54,48,47,48,T2,11/21/2020,1:54:18 AM,,decline,,,,,-,decline,0,2,
NLEX Road Warriors,Misael Relvao,$ 5M,2,None,None,"<@&748018392040079460> offer **Misael Relvao** 2 year(s), $ 5M",11/22/2020 5:06:22,28,56,57,21,54,63,78,51,38,38,71,55,66,58,45,51,70,44,T1,11/22/2020,5:06:22 AM,,decline,,Accept,Decline,,accept,decline,2,3,
Cangrejeros de Santurce,Mohamed Diarra,$ 6M,1,TO,None,"<@&461548589760643072> offer **Mohamed Diarra** 1 year(s) + TO, $ 6M",11/21/2020 16:40:24,24,56,59,47,69,48,44,51,63,57,33,32,31,55,60,52,43,69,T1,11/21/2020,4:40:24 PM,,decline,,Decline,Decline,,decline,,0,4,
The Hague Royals,Morel Noboa,$ 28M,2,2PO,No Trade Clause,"<@&746528144642670692> offer **Morel Noboa** 2 year(s) + 2PO, $ 28M (No Trade Clause)",11/23/2020 22:14:32,24,69,74,27,63,81,89,75,34,46,53,57,58,55,60,81,88,52,T2,11/23/2020,10:14:32 PM,,decline,,Accept,Accept,,accept,,3,1,Y
Bayern Munich,Morel Noboa,$ 28M,3,PO,No Trade Clause,"<@&499616451225976843> offer **Morel Noboa** 3 year(s) + PO, $ 28M (No Trade Clause)",11/23/2020 21:34:33,24,69,74,27,63,81,89,75,34,46,53,57,58,55,60,81,88,52,T2,11/23/2020,9:34:33 PM,,decline,,,,,decline,,0,2,
The Hague Royals,Morel Noboa,$ 27M,3,PO,No Trade Clause,"<@&746528144642670692> offer **Morel Noboa** 3 year(s) + PO, $ 27M (No Trade Clause)",11/23/2020 21:18:27,24,69,74,27,63,81,89,75,34,46,53,57,58,55,60,81,88,52,T2,11/23/2020,9:18:27 PM,,decline,,,,,decline,,0,2,
Bayern Munich,Morel Noboa,$ 26.5M,3,PO,No Trade Clause,"<@&499616451225976843> offer **Morel Noboa** 3 year(s) + PO, $ 26.5M (No Trade Clause)",11/23/2020 18:25:35,24,69,74,27,63,81,89,75,34,46,53,57,58,55,60,81,88,52,T2,11/23/2020,6:25:35 PM,,decline,,,,,decline,,0,2,
The Hague Royals,Morel Noboa,$ 26M,3,PO,No Trade Clause,"<@&746528144642670692> offer **Morel Noboa** 3 year(s) + PO, $ 26M (No Trade Clause)",11/23/2020 18:23:59,24,69,74,27,63,81,89,75,34,46,53,57,58,55,60,81,88,52,T2,11/23/2020,6:23:59 PM,,decline,,,,,decline,,0,2,
Bayern Munich,Morel Noboa,$ 26M,3,PO,None,"<@&499616451225976843> offer **Morel Noboa** 3 year(s) + PO, $ 26M",11/23/2020 18:21:05,24,69,74,27,63,81,89,75,34,46,53,57,58,55,60,81,88,52,T2,11/23/2020,6:21:05 PM,,decline,,,,,,,0,1,
The Hague Royals,Morel Noboa,$ 25M,3,PO,None,"<@&746528144642670692> offer **Morel Noboa** 3 year(s) + PO, $ 25M",11/23/2020 17:35:04,24,69,74,27,63,81,89,75,34,46,53,57,58,55,60,81,88,52,T2,11/23/2020,5:35:04 PM,,decline,,,,,,,0,1,
Bayern Munich,Morel Noboa,$ 25M,4,None,None,"<@&499616451225976843> offer **Morel Noboa** 4 year(s), $ 25M",11/21/2020 21:09:09,24,69,74,27,63,81,89,75,34,46,53,57,58,55,60,81,88,52,T2,11/21/2020,9:09:09 PM,,decline,,,,,,,0,1,
Brisbane Bullets,Moussa Ndieguene,$ 1.5M,2,2TO,None,"<@&461550058706436106> offer **Moussa Ndieguene** 2 year(s) + 2TO, $ 1.5M",11/22/2020 1:38:30,20,32,55,33,38,54,57,39,32,33,50,62,56,23,21,48,49,30,T1,11/22/2020,1:38:30 AM,,accept,,Accept,Accept,,accept,,4,0,Y
Las Vegas Aces,Nadir Djaballah,$ 2.5M,3,TO,None,"<@&499617380905779221> offer **Nadir Djaballah** 3 year(s) + TO, $ 2.5M",11/22/2020 0:16:40,23,54,61,29,56,79,98,48,32,33,41,40,48,41,40,52,62,47,T1,11/22/2020,12:16:40 AM,,decline,,Decline,Decline,,decline,,0,4,
Partizan Belgrade,Nyika Forbes,$ 3.5M,2,2TO,None,"<@&747243065600770048> offer **Nyika Forbes** 2 year(s) + 2TO, $ 3.5M",11/23/2020 9:28:37,19,38,71,56,46,68,62,24,30,54,29,32,31,21,25,56,46,52,T2,11/23/2020,9:28:37 AM,,decline,,Decline,Accept,,accept,decline,2,3,
Liaoning Flying Leopards,Nyika Forbes,$ 2.5M,2,2TO,None,"<@&747243757132578937> offer **Nyika Forbes** 2 year(s) + 2TO, $ 2.5M",11/23/2020 7:47:39,19,38,71,56,46,68,62,24,30,54,29,32,31,21,25,56,46,52,T1,11/23/2020,7:47:39 AM,,decline,,,,,decline,decline,0,3,
Las Vegas Aces,Nyika Forbes,$ 2M,2,2TO,None,"<@&499617380905779221> offer **Nyika Forbes** 2 year(s) + 2TO, $ 2M",11/22/2020 0:12:35,19,38,71,56,46,68,62,24,30,54,29,32,31,21,25,56,46,52,T1,11/22/2020,12:12:35 AM,,decline,,,,,decline,decline,0,3,
Aguacateros de Michoacán,Óliver Guiñazu,$ 10M,3,PO,None,"<@&747190257077977142> offer **Óliver Guiñazu** 3 year(s) + PO, $ 10M",11/21/2020 3:40:57,23,60,65,53,58,69,66,49,32,59,51,53,47,55,46,57,49,50,T2,11/21/2020,3:40:57 AM,,decline,,Decline,Decline,,-,,0,3,
Pittsburgh Condors,Óliver Guiñazu,$ 10M,4,None,None,"<@&461548337192108033> offer **Óliver Guiñazu** 4 year(s), $ 10M",11/21/2020 1:55:10,23,60,65,53,58,69,66,49,32,59,51,53,47,55,46,57,49,50,T2,11/21/2020,1:55:10 AM,,decline,,,,,-,,0,1,
NLEX Road Warriors,Osvaldo Chagas,$ 5M,2,TO,None,"<@&748018392040079460> offer **Osvaldo Chagas** 2 year(s) + TO, $ 5M",11/22/2020 5:07:20,27,57,58,60,66,46,48,42,63,62,32,37,35,54,50,55,54,80,T1,11/22/2020,5:07:20 AM,,decline,,Decline,Decline,,accept,,1,3,
Brisbane Bullets,Panithi Khemanich,$ 4M,2,2TO,None,"<@&461550058706436106> offer **Panithi Khemanich** 2 year(s) + 2TO, $ 4M",11/22/2020 1:43:36,20,42,64,33,44,69,68,32,35,30,63,58,54,36,26,59,57,36,T1,11/22/2020,1:43:36 AM,,decline,,Accept,Accept,,accept,,3,1,Y
Las Vegas Aces,Panithi Khemanich,$ 2M,2,2TO,None,"<@&499617380905779221> offer **Panithi Khemanich** 2 year(s) + 2TO, $ 2M",11/22/2020 0:11:47,20,42,64,33,44,69,68,32,35,30,63,58,54,36,26,59,57,36,T1,11/22/2020,12:11:47 AM,,decline,,,,,decline,,0,2,
Bayern Munich,Patrick Aboya,$ 5.5M,3,None,None,"<@&499616451225976843> offer **Patrick Aboya** 3 year(s), $ 5.5M",11/23/2020 18:32:35,27,57,58,71,54,49,40,42,51,54,38,46,39,60,47,46,48,63,T2,11/23/2020,6:32:35 PM,,decline,,Decline,Decline,,decline,,0,4,
NLEX Road Warriors,Patrick Aboya,$ 5M,2,None,None,"<@&748018392040079460> offer **Patrick Aboya** 2 year(s), $ 5M",11/22/2020 5:05:53,27,57,58,71,54,49,40,42,51,54,38,46,39,60,47,46,48,63,T1,11/22/2020,5:05:53 AM,,decline,,,,,decline,,0,2,
Bayern Munich,Preben Kopperud,$ 11M,3,None,None,"<@&499616451225976843> offer **Preben Kopperud** 3 year(s), $ 11M",11/24/2020 0:09:59,26,62,64,25,49,59,57,36,58,39,64,63,55,63,68,87,80,54,T2,11/24/2020,12:09:59 AM,,decline,,,Decline,,decline,,0,3,
Liaoning Flying Leopards,Preben Kopperud,$ 5.5M,3,PO,None,"<@&747243757132578937> offer **Preben Kopperud** 3 year(s) + PO, $ 5.5M",11/23/2020 7:40:01,26,62,64,25,49,59,57,36,58,39,64,63,55,63,68,87,80,54,T1,11/23/2020,7:40:01 AM,,decline,,,,,decline,,0,2,
New York Knicks,Preben Kopperud,$ 10M,1,PO,None,"<@&748040264660287569> offer **Preben Kopperud** 1 year(s) + PO, $ 10M",11/22/2020 0:15:36,26,62,64,25,49,59,57,36,58,39,64,63,55,63,68,87,80,54,T1,11/22/2020,12:15:36 AM,,decline,,,,,accept,,1,1,
CSKA Moscow,Pyon Seon,$ 5M,4,None,None,"<@&461549371440496651> offer **Pyon Seon** 4 year(s), $ 5M",11/24/2020 0:50:46,20,44,64,59,59,49,50,27,30,40,31,23,26,29,47,53,52,63,T2,11/24/2020,12:50:46 AM,,decline,,Decline,Decline,,accept,,1,3,
Bayern Munich,Pyon Seon,$ 4.5M,4,None,None,"<@&499616451225976843> offer **Pyon Seon** 4 year(s), $ 4.5M",11/23/2020 18:47:38,20,44,64,59,59,49,50,27,30,40,31,23,26,29,47,53,52,63,T2,11/23/2020,6:47:38 PM,,decline,,,,,,,0,1,
Bayern Munich,Pyon Seon,$ 3M,2,2TO,None,"<@&499616451225976843> offer **Pyon Seon** 2 year(s) + 2TO, $ 3M",11/23/2020 18:41:22,20,44,64,59,59,49,50,27,30,40,31,23,26,29,47,53,52,63,T2,11/23/2020,6:41:22 PM,,decline,,,,,,,0,1,
CSKA Moscow,Pyon Seon,$ 4M,4,None,None,"<@&461549371440496651> offer **Pyon Seon** 4 year(s), $ 4M",11/21/2020 4:44:47,20,44,64,59,59,49,50,27,30,40,31,23,26,29,47,53,52,63,T2,11/21/2020,4:44:47 AM,,decline,,,,,,,0,1,
Aguacateros de Michoacán,Pyon Seon,$ 2.5M,2,2TO,None,"<@&747190257077977142> offer **Pyon Seon** 2 year(s) + 2TO, $ 2.5M",11/21/2020 3:46:39,20,44,64,59,59,49,50,27,30,40,31,23,26,29,47,53,52,63,T2,11/21/2020,3:46:39 AM,,decline,,,,,,,0,1,
Las Vegas Aces,Pyon Seon,$ 2M,2,2TO,None,"<@&499617380905779221> offer **Pyon Seon** 2 year(s) + 2TO, $ 2M",11/21/2020 1:40:51,20,44,64,59,59,49,50,27,30,40,31,23,26,29,47,53,52,63,T1,11/21/2020,1:40:51 AM,,decline,,,,,,,0,1,
Liaoning Flying Leopards,Rashaun Mitchel,$ 6.5M,3,None,None,"<@&747243757132578937> offer **Rashaun Mitchel** 3 year(s), $ 6.5M",11/23/2020 7:46:19,27,63,63,52,60,62,63,54,41,66,66,66,67,49,51,61,55,52,T1,11/23/2020,7:46:19 AM,,decline,,Decline,Decline,,decline,,0,4,
Bayern Munich,Raymon Mele,$ 5M,3,PO,No Trade Clause,"<@&499616451225976843> offer **Raymon Mele** 3 year(s) + PO, $ 5M (No Trade Clause)",11/23/2020 18:30:33,23,54,60,87,49,38,38,27,50,33,32,32,36,49,49,45,46,63,T2,11/23/2020,6:30:33 PM,,decline,,Decline,Decline,,decline,,0,4,
Las Vegas Aces,Raymon Mele,$ 4.5M,5,None,No Trade Clause,"<@&499617380905779221> offer **Raymon Mele** 5 year(s), $ 4.5M (No Trade Clause)",11/22/2020 0:03:26,23,54,60,87,49,38,38,27,50,33,32,32,36,49,49,45,46,63,T1,11/22/2020,12:03:26 AM,,decline,,,,,decline,,0,2,
Cangrejeros de Santurce,Raymon Mele,$ 5M,2,TO,None,"<@&461548589760643072> offer **Raymon Mele** 2 year(s) + TO, $ 5M",11/21/2020 2:01:15,23,54,60,87,49,38,38,27,50,33,32,32,36,49,49,45,46,63,T1,11/21/2020,2:01:15 AM,,decline,,,,,decline,,0,2,
Cangrejeros de Santurce,Raymon Mele,$ 5M,2,None,None,"<@&461548589760643072> offer **Raymon Mele** 2 year(s), $ 5M",11/21/2020 2:00:34,23,54,60,87,49,38,38,27,50,33,32,32,36,49,49,45,46,63,T1,11/21/2020,2:00:34 AM,,decline,,,,,decline,,0,2,
Las Vegas Aces,Raymon Mele,$ 4M,5,None,No Trade Clause,"<@&499617380905779221> offer **Raymon Mele** 5 year(s), $ 4M (No Trade Clause)",11/21/2020 1:09:26,23,54,60,87,49,38,38,27,50,33,32,32,36,49,49,45,46,63,T1,11/21/2020,1:09:26 AM,,decline,,,,,,,0,1,
Cangrejeros de Santurce,Raymon Mele,$ 3M,2,TO,None,"<@&461548589760643072> offer **Raymon Mele** 2 year(s) + TO, $ 3M",11/20/2020 23:50:35,23,54,60,87,49,38,38,27,50,33,32,32,36,49,49,45,46,63,T1,11/20/2020,11:50:35 PM,,decline,,,,,,,0,1,
Sichuan Blue Whales,Romeo Gabini,$ 25M,2,2PO,None,"<@&748315289870925865> offer **Romeo Gabini** 2 year(s) + 2PO, $ 25M",11/21/2020 23:17:52,24,67,73,44,64,68,68,56,39,79,66,67,69,50,64,63,65,66,T1,11/21/2020,11:17:52 PM,,decline,,Accept,Accept,,accept,,3,1,Y
ManU Red Devils,Romeo Gabini,$ 24M,3,PO,None,"<@&747995420034334790> offer **Romeo Gabini** 3 year(s) + PO, $ 24M",11/21/2020 22:07:45,24,67,73,44,64,68,68,56,39,79,66,67,69,50,64,63,65,66,T2,11/21/2020,10:07:45 PM,,decline,,,,,,,0,1,
Sichuan Blue Whales,Romeo Gabini,$ 23M,3,PO,No Trade Clause,"<@&748315289870925865> offer **Romeo Gabini** 3 year(s) + PO, $ 23M (No Trade Clause)",11/21/2020 22:06:42,24,67,73,44,64,68,68,56,39,79,66,67,69,50,64,63,65,66,T1,11/21/2020,10:06:42 PM,,decline,,,,,decline,,0,2,
ManU Red Devils,Romeo Gabini,$ 23M,3,PO,None,"<@&747995420034334790> offer **Romeo Gabini** 3 year(s) + PO, $ 23M",11/21/2020 22:05:11,24,67,73,44,64,68,68,56,39,79,66,67,69,50,64,63,65,66,T2,11/21/2020,10:05:11 PM,,decline,,,,,,,0,1,
Sichuan Blue Whales,Romeo Gabini,$ 22M,2,PO,None,"<@&748315289870925865> offer **Romeo Gabini** 2 year(s) + PO, $ 22M",11/21/2020 5:37:10,24,67,73,44,64,68,68,56,39,79,66,67,69,50,64,63,65,66,T1,11/21/2020,5:37:10 AM,,decline,,,,,,,0,1,
Liaoning Flying Leopards,Samuel Caven,$ 17.5M,2,2PO,No Trade Clause,"<@&747243757132578937> offer **Samuel Caven** 2 year(s) + 2PO, $ 17.5M (No Trade Clause)",11/23/2020 21:15:50,25,62,66,66,59,55,56,64,51,62,41,44,39,45,68,50,46,49,T1,11/23/2020,9:15:50 PM,,accept,,Accept,Accept,,-,,3,0,Y
Pittsburgh Condors,Samuel Caven,$ 14M,3,2PO,None,"<@&461548337192108033> offer **Samuel Caven** 3 year(s) + 2PO, $ 14M",11/23/2020 21:10:17,25,62,66,66,59,55,56,64,51,62,41,44,39,45,68,50,46,49,T2,11/23/2020,9:10:17 PM,,decline,,,,,-,,0,1,
Liaoning Flying Leopards,Samuel Caven,$ 14M,3,PO,None,"<@&747243757132578937> offer **Samuel Caven** 3 year(s) + PO, $ 14M",11/23/2020 7:36:05,25,62,66,66,59,55,56,64,51,62,41,44,39,45,68,50,46,49,T1,11/23/2020,7:36:05 AM,,decline,,,,,-,,0,1,
Pittsburgh Condors,Samuel Caven,$ 11M,4,PO,None,"<@&461548337192108033> offer **Samuel Caven** 4 year(s) + PO, $ 11M",11/21/2020 0:26:54,25,62,66,66,59,55,56,64,51,62,41,44,39,45,68,50,46,49,T2,11/21/2020,12:26:54 AM,,decline,,,,,-,,0,1,
NLEX Road Warriors,Sigbjørn Meling,$ 16M,4,PO,No Trade Clause,"<@&748018392040079460> offer **Sigbjørn Meling** 4 year(s) + PO, $ 16M (No Trade Clause)",11/22/2020 23:45:14,24,64,69,72,76,50,54,58,56,60,33,41,41,57,51,51,58,75,T1,11/22/2020,11:45:14 PM,,decline,,Decline,Decline,,decline,,0,4,
NLEX Road Warriors,Sigbjørn Meling,$ 14M,3,TO/PO,No Loan Clause,"<@&748018392040079460> offer **Sigbjørn Meling** 3 year(s) + TO/PO, $ 14M (No Loan Clause)",11/22/2020 5:08:37,24,64,69,72,76,50,54,58,56,60,33,41,41,57,51,51,58,75,T1,11/22/2020,5:08:37 AM,,decline,,,,,decline,,0,2,
Cangrejeros de Santurce,Simone Flamini,$ 8M,2,TO,None,"<@&461548589760643072> offer **Simone Flamini** 2 year(s) + TO, $ 8M",11/23/2020 1:46:49,23,57,64,41,55,76,77,44,36,49,62,62,51,49,42,55,39,50,T1,11/23/2020,1:46:49 AM,,decline,,Decline,Decline,,decline,,0,4,
Detroit Pistons,Simone Flamini,$ 5.5M,3,TO,None,"<@&748315740846686318> offer **Simone Flamini** 3 year(s) + TO, $ 5.5M",11/23/2020 1:45:56,23,57,64,41,55,76,77,44,36,49,62,62,51,49,42,55,39,50,T2,11/23/2020,1:45:56 AM,,decline,,,,,decline,,0,2,
Cangrejeros de Santurce,Simone Flamini,$ 5M,3,TO,None,"<@&461548589760643072> offer **Simone Flamini** 3 year(s) + TO, $ 5M",11/23/2020 1:44:57,23,57,64,41,55,76,77,44,36,49,62,62,51,49,42,55,39,50,T1,11/23/2020,1:44:57 AM,,decline,,,,,decline,,0,2,
Detroit Pistons,Simone Flamini,$ 6.5M,2,2TO,None,"<@&748315740846686318> offer **Simone Flamini** 2 year(s) + 2TO, $ 6.5M",11/23/2020 1:43:40,23,57,64,41,55,76,77,44,36,49,62,62,51,49,42,55,39,50,T2,11/23/2020,1:43:40 AM,,decline,,,,,,,0,1,
Cangrejeros de Santurce,Simone Flamini,$ 3M,2,TO,None,"<@&461548589760643072> offer **Simone Flamini** 2 year(s) + TO, $ 3M",11/20/2020 23:50:56,23,57,64,41,55,76,77,44,36,49,62,62,51,49,42,55,39,50,T1,11/20/2020,11:50:56 PM,,decline,,,,,,,0,1,
Pittsburgh Condors,Szymon Bialek,$ 40M,4,None,None,"<@&461548337192108033> offer **Szymon Bialek** 4 year(s), $ 40M",11/23/2020 1:03:50,30,74,74,65,55,72,75,66,46,55,79,71,71,70,49,78,67,60,T2,11/23/2020,1:03:50 AM,,decline,,Accept,Accept,,-,accept,3,1,Y
Pittsburgh Condors,Szymon Bialek,$ 35M,4,None,None,"<@&461548337192108033> offer **Szymon Bialek** 4 year(s), $ 35M",11/21/2020 0:31:20,30,74,74,65,55,72,75,66,46,55,79,71,71,70,49,78,67,60,T2,11/21/2020,12:31:20 AM,,decline,,,,,-,decline,0,2,
Cangrejeros de Santurce,Szymon Bialek,$ 20M,5,None,None,"<@&461548589760643072> offer **Szymon Bialek** 5 year(s), $ 20M",11/20/2020 23:48:18,30,74,74,65,55,72,75,66,46,55,79,71,71,70,49,78,67,60,T1,11/20/2020,11:48:18 PM,,decline,,,,,-,decline,0,2,
Liaoning Flying Leopards,Tender Juicy,$ 25.5M,4,PO,No Loan Clause,"<@&747243757132578937> offer **Tender Juicy** 4 year(s) + PO, $ 25.5M (No Loan Clause)",11/24/2020 0:12:52,22,66,76,31,58,94,83,58,42,47,58,63,74,51,43,78,79,56,T1,11/24/2020,12:12:52 AM,,decline,,,,,decline,,0,2,
Liaoning Flying Leopards,Tender Juicy,$ 25M,4,PO,No Loan Clause,"<@&747243757132578937> offer **Tender Juicy** 4 year(s) + PO, $ 25M (No Loan Clause)",11/24/2020 0:00:13,22,66,76,31,58,94,83,58,42,47,58,63,74,51,43,78,79,56,T1,11/24/2020,12:00:13 AM,,decline,,,,,decline,,0,2,
NLEX Road Warriors,Tender Juicy,$ 30M,3,PO,No Trade Clause,"<@&748018392040079460> offer **Tender Juicy** 3 year(s) + PO, $ 30M (No Trade Clause)",11/23/2020 22:28:27,22,66,76,31,58,94,83,58,42,47,58,63,74,51,43,78,79,56,T1,11/23/2020,10:28:27 PM,,decline,,Decline,Decline,,decline,,0,4,
Liaoning Flying Leopards,Tender Juicy,$ 25M,4,PO,None,"<@&747243757132578937> offer **Tender Juicy** 4 year(s) + PO, $ 25M",11/23/2020 18:13:44,22,66,76,31,58,94,83,58,42,47,58,63,74,51,43,78,79,56,T1,11/23/2020,6:13:44 PM,,decline,,,,,,,0,1,
Miami Heat,Tender Juicy,$ 26M,2,2PO,No Trade Clause,"<@&461548207407628289> offer **Tender Juicy** 2 year(s) + 2PO, $ 26M (No Trade Clause)",11/23/2020 17:19:56,22,66,76,31,58,94,83,58,42,47,58,63,74,51,43,78,79,56,T1,11/23/2020,5:19:56 PM,,decline,,,,,accept,,1,1,
Liaoning Flying Leopards,Tender Juicy,$ 25M,5,None,No Trade Clause,"<@&747243757132578937> offer **Tender Juicy** 5 year(s), $ 25M (No Trade Clause)",11/23/2020 7:29:44,22,66,76,31,58,94,83,58,42,47,58,63,74,51,43,78,79,56,T1,11/23/2020,7:29:44 AM,,decline,,,,,decline,,0,2,
NLEX Road Warriors,Tender Juicy,$ 30M,4,None,No Trade Clause,"<@&748018392040079460> offer **Tender Juicy** 4 year(s), $ 30M (No Trade Clause)",11/22/2020 9:22:18,22,66,76,31,58,94,83,58,42,47,58,63,74,51,43,78,79,56,T1,11/22/2020,9:22:18 AM,,decline,,,,,decline,,0,2,
ManU Red Devils,Tender Juicy,$ 30M,4,None,None,"<@&747995420034334790> offer **Tender Juicy** 4 year(s), $ 30M",11/21/2020 22:03:28,22,66,76,31,58,94,83,58,42,47,58,63,74,51,43,78,79,56,T2,11/21/2020,10:03:28 PM,,decline,,,,,decline,,0,2,
Las Vegas Aces,Tender Juicy,$ 25M,4,None,No Trade Clause,"<@&499617380905779221> offer **Tender Juicy** 4 year(s), $ 25M (No Trade Clause)",11/21/2020 1:15:58,22,66,76,31,58,94,83,58,42,47,58,63,74,51,43,78,79,56,T1,11/21/2020,1:15:58 AM,,decline,,,,,,,0,1,
Bayern Munich,Thomas Driesen,$ 4M,3,TO,None,"<@&499616451225976843> offer **Thomas Driesen** 3 year(s) + TO, $ 4M",11/23/2020 18:47:52,20,44,66,31,41,72,57,29,32,29,50,51,62,38,31,64,63,44,T2,11/23/2020,6:47:52 PM,,decline,,Decline,Decline,,accept,,1,3,
Brisbane Bullets,Thomas Driesen,$ 4M,2,2TO,None,"<@&461550058706436106> offer **Thomas Driesen** 2 year(s) + 2TO, $ 4M",11/22/2020 1:37:03,20,44,66,31,41,72,57,29,32,29,50,51,62,38,31,64,63,44,T1,11/22/2020,1:37:03 AM,,decline,,,,,decline,,0,2,
ManU Red Devils,Thomas Driesen,$ 2.5M,3,TO,None,"<@&747995420034334790> offer **Thomas Driesen** 3 year(s) + TO, $ 2.5M",11/21/2020 22:09:29,20,44,66,31,41,72,57,29,32,29,50,51,62,38,31,64,63,44,T2,11/21/2020,10:09:29 PM,,decline,,,,,,,0,1,
Las Vegas Aces,Thomas Driesen,$ 2M,2,2TO,None,"<@&499617380905779221> offer **Thomas Driesen** 2 year(s) + 2TO, $ 2M",11/21/2020 1:40:37,20,44,66,31,41,72,57,29,32,29,50,51,62,38,31,64,63,44,T1,11/21/2020,1:40:37 AM,,decline,,,,,,,0,1,
Cangrejeros de Santurce,Thomas Driesen,$ 5M,3,TO,None,"<@&461548589760643072> offer **Thomas Driesen** 3 year(s) + TO, $ 5M",11/20/2020 23:49:57,20,44,66,31,41,72,57,29,32,29,50,51,62,38,31,64,63,44,T1,11/20/2020,11:49:57 PM,,decline,,,,,,,0,1,
Aguacateros de Michoacán,Tunji Nsonwu-Amadi,$ 6.5M,2,TO,None,"<@&747190257077977142> offer **Tunji Nsonwu-Amadi** 2 year(s) + TO, $ 6.5M",11/21/2020 16:35:06,23,53,60,33,43,67,74,42,37,28,48,44,45,50,45,66,61,45,T2,11/21/2020,4:35:06 PM,,decline,,Decline,Decline,,decline,,0,4,
Cangrejeros de Santurce,Tunji Nsonwu-Amadi,$ 6M,2,TO,None,"<@&461548589760643072> offer **Tunji Nsonwu-Amadi** 2 year(s) + TO, $ 6M",11/21/2020 14:05:31,23,53,60,33,43,67,74,42,37,28,48,44,45,50,45,66,61,45,T1,11/21/2020,2:05:31 PM,,decline,,,,,decline,,0,2,
Aguacateros de Michoacán,Tunji Nsonwu-Amadi,$ 6M,3,TO,None,"<@&747190257077977142> offer **Tunji Nsonwu-Amadi** 3 year(s) + TO, $ 6M",11/21/2020 5:23:10,23,53,60,33,43,67,74,42,37,28,48,44,45,50,45,66,61,45,T2,11/21/2020,5:23:10 AM,,decline,,,,,decline,,0,2,
Cangrejeros de Santurce,Tunji Nsonwu-Amadi,$ 5M,2,TO,None,"<@&461548589760643072> offer **Tunji Nsonwu-Amadi** 2 year(s) + TO, $ 5M",11/21/2020 4:57:14,23,53,60,33,43,67,74,42,37,28,48,44,45,50,45,66,61,45,T1,11/21/2020,4:57:14 AM,,decline,,,,,,,0,1,
Aguacateros de Michoacán,Tunji Nsonwu-Amadi,$ 5M,3,TO,None,"<@&747190257077977142> offer **Tunji Nsonwu-Amadi** 3 year(s) + TO, $ 5M",11/21/2020 3:55:00,23,53,60,33,43,67,74,42,37,28,48,44,45,50,45,66,61,45,T2,11/21/2020,3:55:00 AM,,decline,,,,,,,0,1,
Aguacateros de Michoacán,Tunji Nsonwu-Amadi,$ 4M,3,TO,None,"<@&747190257077977142> offer **Tunji Nsonwu-Amadi** 3 year(s) + TO, $ 4M",11/21/2020 3:42:58,23,53,60,33,43,67,74,42,37,28,48,44,45,50,45,66,61,45,T2,11/21/2020,3:42:58 AM,,decline,,,,,,,0,1,
Cangrejeros de Santurce,Tunji Nsonwu-Amadi,$ 3M,2,TO,None,"<@&461548589760643072> offer **Tunji Nsonwu-Amadi** 2 year(s) + TO, $ 3M",11/20/2020 23:51:15,23,53,60,33,43,67,74,42,37,28,48,44,45,50,45,66,61,45,T1,11/20/2020,11:51:15 PM,,decline,,,,,,,0,1,
Las Vegas Aces,Wally Perez,$ 1M,3,None,None,"<@&499617380905779221> offer **Wally Perez** 3 year(s), $ 1M",11/21/2020 1:18:14,29,46,46,91,44,29,29,29,65,37,30,27,25,41,42,47,48,64,T1,11/21/2020,1:18:14 AM,,accept,,Accept,Accept,,accept,,4,0,Y
Detroit Pistons,Wirahadi Hutagaol,$ 6.5M,3,TO,None,"<@&748315740846686318> offer **Wirahadi Hutagaol** 3 year(s) + TO, $ 6.5M",11/23/2020 2:01:46,20,45,67,27,43,72,91,35,27,40,46,43,38,42,24,69,71,46,T2,11/23/2020,2:01:46 AM,,decline,,Decline,Decline,,accept,,1,3,
Cangrejeros de Santurce,Wirahadi Hutagaol,$ 6M,3,TO,None,"<@&461548589760643072> offer **Wirahadi Hutagaol** 3 year(s) + TO, $ 6M",11/23/2020 2:00:57,20,45,67,27,43,72,91,35,27,40,46,43,38,42,24,69,71,46,T1,11/23/2020,2:00:57 AM,,decline,,,,,decline,,0,2,
Detroit Pistons,Wirahadi Hutagaol,$ 5.5M,3,TO,None,"<@&748315740846686318> offer **Wirahadi Hutagaol** 3 year(s) + TO, $ 5.5M",11/23/2020 1:59:48,20,45,67,27,43,72,91,35,27,40,46,43,38,42,24,69,71,46,T2,11/23/2020,1:59:48 AM,,decline,,,,,,,0,1,
Cangrejeros de Santurce,Wirahadi Hutagaol,$ 5M,3,TO,None,"<@&461548589760643072> offer **Wirahadi Hutagaol** 3 year(s) + TO, $ 5M",11/20/2020 23:50:16,20,45,67,27,43,72,91,35,27,40,46,43,38,42,24,69,71,46,T1,11/20/2020,11:50:16 PM,,decline,,,,,,,0,1,
Las Vegas Aces,Yuval Henefeld,$ 1M,2,TO,None,"<@&499617380905779221> offer **Yuval Henefeld** 2 year(s) + TO, $ 1M",11/22/2020 0:18:17,24,47,55,27,46,53,57,50,34,36,59,65,64,39,48,55,52,39,T1,11/22/2020,12:18:17 AM,,decline,,Accept,Accept,,accept,,3,1,Y
,,,,,,,,,,,,,,,,,,,,,,,,,,,,,,,,,,,,,0,0,
,,,,,,,,,,,,,,,,,,,,,,,,,,,,,,,,,,,,,0,0,
,,,,,,,,,,,,,,,,,,,,,,,,,,,,,,,,,,,,,0,0,
,,,,,,,,,,,,,,,,,,,,,,,,,,,,,,,,,,,,,0,0,
,,,,,,,,,,,,,,,,,,,,,,,,,,,,,,,,,,,,,0,0,
,,,,,,,,,,,,,,,,,,,,,,,,,,,,,,,,,,,,,0,0,
,,,,,,,,,,,,,,,,,,,,,,,,,,,,,,,,,,,,,0,0,
,,,,,,,,,,,,,,,,,,,,,,,,,,,,,,,,,,,,,0,0,
,,,,,,,,,,,,,,,,,,,,,,,,,,,,,,,,,,,,,0,0,
,,,,,,,,,,,,,,,,,,,,,,,,,,,,,,,,,,,,,0,0,
,,,,,,,,,,,,,,,,,,,,,,,,,,,,,,,,,,,,,0,0,
,,,,,,,,,,,,,,,,,,,,,,,,,,,,,,,,,,,,,0,0,
,,,,,,,,,,,,,,,,,,,,,,,,,,,,,,,,,,,,,0,0,
,,,,,,,,,,,,,,,,,,,,,,,,,,,,,,,,,,,,,0,0,
,,,,,,,,,,,,,,,,,,,,,,,,,,,,,,,,,,,,,0,0,
,,,,,,,,,,,,,,,,,,,,,,,,,,,,,,,,,,,,,0,0,
,,,,,,,,,,,,,,,,,,,,,,,,,,,,,,,,,,,,,0,0,
,,,,,,,,,,,,,,,,,,,,,,,,,,,,,,,,,,,,,0,0,
,,,,,,,,,,,,,,,,,,,,,,,,,,,,,,,,,,,,,0,0,
,,,,,,,,,,,,,,,,,,,,,,,,,,,,,,,,,,,,,0,0,
,,,,,,,,,,,,,,,,,,,,,,,,,,,,,,,,,,,,,0,0,
,,,,,,,,,,,,,,,,,,,,,,,,,,,,,,,,,,,,,0,0,
,,,,,,,,,,,,,,,,,,,,,,,,,,,,,,,,,,,,,0,0,
,,,,,,,,,,,,,,,,,,,,,,,,,,,,,,,,,,,,,0,0,
,,,,,,,,,,,,,,,,,,,,,,,,,,,,,,,,,,,,,0,0,
,,,,,,,,,,,,,,,,,,,,,,,,,,,,,,,,,,,,,0,0,
,,,,,,,,,,,,,,,,,,,,,,,,,,,,,,,,,,,,,0,0,
,,,,,,,,,,,,,,,,,,,,,,,,,,,,,,,,,,,,,0,0,
,,,,,,,,,,,,,,,,,,,,,,,,,,,,,,,,,,,,,0,0,
,,,,,,,,,,,,,,,,,,,,,,,,,,,,,,,,,,,,,0,0,
,,,,,,,,,,,,,,,,,,,,,,,,,,,,,,,,,,,,,0,0,
,,,,,,,,,,,,,,,,,,,,,,,,,,,,,,,,,,,,,0,0,
,,,,,,,,,,,,,,,,,,,,,,,,,,,,,,,,,,,,,0,0,
,,,,,,,,,,,,,,,,,,,,,,,,,,,,,,,,,,,,,0,0,
,,,,,,,,,,,,,,,,,,,,,,,,,,,,,,,,,,,,,0,0,
,,,,,,,,,,,,,,,,,,,,,,,,,,,,,,,,,,,,,0,0,
,,,,,,,,,,,,,,,,,,,,,,,,,,,,,,,,,,,,,0,0,
,,,,,,,,,,,,,,,,,,,,,,,,,,,,,,,,,,,,,0,0,
,,,,,,,,,,,,,,,,,,,,,,,,,,,,,,,,,,,,,0,0,
,,,,,,,,,,,,,,,,,,,,,,,,,,,,,,,,,,,,,0,0,
,,,,,,,,,,,,,,,,,,,,,,,,,,,,,,,,,,,,,0,0,
,,,,,,,,,,,,,,,,,,,,,,,,,,,,,,,,,,,,,0,0,
,,,,,,,,,,,,,,,,,,,,,,,,,,,,,,,,,,,,,0,0,
,,,,,,,,,,,,,,,,,,,,,,,,,,,,,,,,,,,,,0,0,
,,,,,,,,,,,,,,,,,,,,,,,,,,,,,,,,,,,,,0,0,
,,,,,,,,,,,,,,,,,,,,,,,,,,,,,,,,,,,,,0,0,
,,,,,,,,,,,,,,,,,,,,,,,,,,,,,,,,,,,,,0,0,
,,,,,,,,,,,,,,,,,,,,,,,,,,,,,,,,,,,,,0,0,
,,,,,,,,,,,,,,,,,,,,,,,,,,,,,,,,,,,,,0,0,
,,,,,,,,,,,,,,,,,,,,,,,,,,,,,,,,,,,,,0,0,
,,,,,,,,,,,,,,,,,,,,,,,,,,,,,,,,,,,,,0,0,
,,,,,,,,,,,,,,,,,,,,,,,,,,,,,,,,,,,,,0,0,
,,,,,,,,,,,,,,,,,,,,,,,,,,,,,,,,,,,,,0,0,
,,,,,,,,,,,,,,,,,,,,,,,,,,,,,,,,,,,,,0,0,
,,,,,,,,,,,,,,,,,,,,,,,,,,,,,,,,,,,,,0,0,
,,,,,,,,,,,,,,,,,,,,,,,,,,,,,,,,,,,,,0,0,
,,,,,,,,,,,,,,,,,,,,,,,,,,,,,,,,,,,,,0,0,
,,,,,,,,,,,,,,,,,,,,,,,,,,,,,,,,,,,,,0,0,
,,,,,,,,,,,,,,,,,,,,,,,,,,,,,,,,,,,,,0,0,
,,,,,,,,,,,,,,,,,,,,,,,,,,,,,,,,,,,,,0,0,
,,,,,,,,,,,,,,,,,,,,,,,,,,,,,,,,,,,,,0,0,
,,,,,,,,,,,,,,,,,,,,,,,,,,,,,,,,,,,,,0,0,
,,,,,,,,,,,,,,,,,,,,,,,,,,,,,,,,,,,,,0,0,
,,,,,,,,,,,,,,,,,,,,,,,,,,,,,,,,,,,,,0,0,
,,,,,,,,,,,,,,,,,,,,,,,,,,,,,,,,,,,,,0,0,
,,,,,,,,,,,,,,,,,,,,,,,,,,,,,,,,,,,,,0,0,
,,,,,,,,,,,,,,,,,,,,,,,,,,,,,,,,,,,,,0,0,
,,,,,,,,,,,,,,,,,,,,,,,,,,,,,,,,,,,,,0,0,
,,,,,,,,,,,,,,,,,,,,,,,,,,,,,,,,,,,,,0,0,
,,,,,,,,,,,,,,,,,,,,,,,,,,,,,,,,,,,,,0,0,
,,,,,,,,,,,,,,,,,,,,,,,,,,,,,,,,,,,,,0,0,
,,,,,,,,,,,,,,,,,,,,,,,,,,,,,,,,,,,,,0,0,
,,,,,,,,,,,,,,,,,,,,,,,,,,,,,,,,,,,,,0,0,
,,,,,,,,,,,,,,,,,,,,,,,,,,,,,,,,,,,,,0,0,
,,,,,,,,,,,,,,,,,,,,,,,,,,,,,,,,,,,,,0,0,
,,,,,,,,,,,,,,,,,,,,,,,,,,,,,,,,,,,,,0,0,
,,,,,,,,,,,,,,,,,,,,,,,,,,,,,,,,,,,,,0,0,
,,,,,,,,,,,,,,,,,,,,,,,,,,,,,,,,,,,,,0,0,
,,,,,,,,,,,,,,,,,,,,,,,,,,,,,,,,,,,,,0,0,
,,,,,,,,,,,,,,,,,,,,,,,,,,,,,,,,,,,,,0,0,
,,,,,,,,,,,,,,,,,,,,,,,,,,,,,,,,,,,,,0,0,
,,,,,,,,,,,,,,,,,,,,,,,,,,,,,,,,,,,,,0,0,
,,,,,,,,,,,,,,,,,,,,,,,,,,,,,,,,,,,,,0,0,
,,,,,,,,,,,,,,,,,,,,,,,,,,,,,,,,,,,,,0,0,
,,,,,,,,,,,,,,,,,,,,,,,,,,,,,,,,,,,,,0,0,
,,,,,,,,,,,,,,,,,,,,,,,,,,,,,,,,,,,,,0,0,
,,,,,,,,,,,,,,,,,,,,,,,,,,,,,,,,,,,,,0,0,
,,,,,,,,,,,,,,,,,,,,,,,,,,,,,,,,,,,,,0,0,
,,,,,,,,,,,,,,,,,,,,,,,,,,,,,,,,,,,,,0,0,
,,,,,,,,,,,,,,,,,,,,,,,,,,,,,,,,,,,,,0,0,
,,,,,,,,,,,,,,,,,,,,,,,,,,,,,,,,,,,,,0,0,
,,,,,,,,,,,,,,,,,,,,,,,,,,,,,,,,,,,,,0,0,
,,,,,,,,,,,,,,,,,,,,,,,,,,,,,,,,,,,,,0,0,
,,,,,,,,,,,,,,,,,,,,,,,,,,,,,,,,,,,,,0,0,
,,,,,,,,,,,,,,,,,,,,,,,,,,,,,,,,,,,,,0,0,
,,,,,,,,,,,,,,,,,,,,,,,,,,,,,,,,,,,,,0,0,
,,,,,,,,,,,,,,,,,,,,,,,,,,,,,,,,,,,,,0,0,
,,,,,,,,,,,,,,,,,,,,,,,,,,,,,,,,,,,,,0,0,
,,,,,,,,,,,,,,,,,,,,,,,,,,,,,,,,,,,,,0,0,
,,,,,,,,,,,,,,,,,,,,,,,,,,,,,,,,,,,,,0,0,
,,,,,,,,,,,,,,,,,,,,,,,,,,,,,,,,,,,,,0,0,
,,,,,,,,,,,,,,,,,,,,,,,,,,,,,,,,,,,,,0,0,
,,,,,,,,,,,,,,,,,,,,,,,,,,,,,,,,,,,,,0,0,
,,,,,,,,,,,,,,,,,,,,,,,,,,,,,,,,,,,,,0,0,
,,,,,,,,,,,,,,,,,,,,,,,,,,,,,,,,,,,,,0,0,
,,,,,,,,,,,,,,,,,,,,,,,,,,,,,,,,,,,,,0,0,
,,,,,,,,,,,,,,,,,,,,,,,,,,,,,,,,,,,,,0,0,
,,,,,,,,,,,,,,,,,,,,,,,,,,,,,,,,,,,,,0,0,
,,,,,,,,,,,,,,,,,,,,,,,,,,,,,,,,,,,,,0,0,
,,,,,,,,,,,,,,,,,,,,,,,,,,,,,,,,,,,,,0,0,
,,,,,,,,,,,,,,,,,,,,,,,,,,,,,,,,,,,,,0,0,
,,,,,,,,,,,,,,,,,,,,,,,,,,,,,,,,,,,,,0,0,
,,,,,,,,,,,,,,,,,,,,,,,,,,,,,,,,,,,,,0,0,
,,,,,,,,,,,,,,,,,,,,,,,,,,,,,,,,,,,,,0,0,
,,,,,,,,,,,,,,,,,,,,,,,,,,,,,,,,,,,,,0,0,
,,,,,,,,,,,,,,,,,,,,,,,,,,,,,,,,,,,,,0,0,
,,,,,,,,,,,,,,,,,,,,,,,,,,,,,,,,,,,,,0,0,
,,,,,,,,,,,,,,,,,,,,,,,,,,,,,,,,,,,,,0,0,
,,,,,,,,,,,,,,,,,,,,,,,,,,,,,,,,,,,,,0,0,
,,,,,,,,,,,,,,,,,,,,,,,,,,,,,,,,,,,,,0,0,
,,,,,,,,,,,,,,,,,,,,,,,,,,,,,,,,,,,,,0,0,
,,,,,,,,,,,,,,,,,,,,,,,,,,,,,,,,,,,,,0,0,
,,,,,,,,,,,,,,,,,,,,,,,,,,,,,,,,,,,,,0,0,
,,,,,,,,,,,,,,,,,,,,,,,,,,,,,,,,,,,,,0,0,
,,,,,,,,,,,,,,,,,,,,,,,,,,,,,,,,,,,,,0,0,
,,,,,,,,,,,,,,,,,,,,,,,,,,,,,,,,,,,,,0,0,
,,,,,,,,,,,,,,,,,,,,,,,,,,,,,,,,,,,,,0,0,
,,,,,,,,,,,,,,,,,,,,,,,,,,,,,,,,,,,,,0,0,
,,,,,,,,,,,,,,,,,,,,,,,,,,,,,,,,,,,,,0,0,
,,,,,,,,,,,,,,,,,,,,,,,,,,,,,,,,,,,,,0,0,
,,,,,,,,,,,,,,,,,,,,,,,,,,,,,,,,,,,,,0,0,
,,,,,,,,,,,,,,,,,,,,,,,,,,,,,,,,,,,,,0,0,
,,,,,,,,,,,,,,,,,,,,,,,,,,,,,,,,,,,,,0,0,
,,,,,,,,,,,,,,,,,,,,,,,,,,,,,,,,,,,,,0,0,
,,,,,,,,,,,,,,,,,,,,,,,,,,,,,,,,,,,,,0,0,
,,,,,,,,,,,,,,,,,,,,,,,,,,,,,,,,,,,,,0,0,
,,,,,,,,,,,,,,,,,,,,,,,,,,,,,,,,,,,,,0,0,
,,,,,,,,,,,,,,,,,,,,,,,,,,,,,,,,,,,,,0,0,
,,,,,,,,,,,,,,,,,,,,,,,,,,,,,,,,,,,,,0,0,
,,,,,,,,,,,,,,,,,,,,,,,,,,,,,,,,,,,,,0,0,
,,,,,,,,,,,,,,,,,,,,,,,,,,,,,,,,,,,,,0,0,
,,,,,,,,,,,,,,,,,,,,,,,,,,,,,,,,,,,,,0,0,
,,,,,,,,,,,,,,,,,,,,,,,,,,,,,,,,,,,,,0,0,
,,,,,,,,,,,,,,,,,,,,,,,,,,,,,,,,,,,,,0,0,
,,,,,,,,,,,,,,,,,,,,,,,,,,,,,,,,,,,,,0,0,
,,,,,,,,,,,,,,,,,,,,,,,,,,,,,,,,,,,,,0,0,
,,,,,,,,,,,,,,,,,,,,,,,,,,,,,,,,,,,,,0,0,
,,,,,,,,,,,,,,,,,,,,,,,,,,,,,,,,,,,,,0,0,
,,,,,,,,,,,,,,,,,,,,,,,,,,,,,,,,,,,,,0,0,
,,,,,,,,,,,,,,,,,,,,,,,,,,,,,,,,,,,,,0,0,
,,,,,,,,,,,,,,,,,,,,,,,,,,,,,,,,,,,,,0,0,
,,,,,,,,,,,,,,,,,,,,,,,,,,,,,,,,,,,,,0,0,
,,,,,,,,,,,,,,,,,,,,,,,,,,,,,,,,,,,,,0,0,
,,,,,,,,,,,,,,,,,,,,,,,,,,,,,,,,,,,,,0,0,
,,,,,,,,,,,,,,,,,,,,,,,,,,,,,,,,,,,,,0,0,
,,,,,,,,,,,,,,,,,,,,,,,,,,,,,,,,,,,,,0,0,
,,,,,,,,,,,,,,,,,,,,,,,,,,,,,,,,,,,,,0,0,
,,,,,,,,,,,,,,,,,,,,,,,,,,,,,,,,,,,,,0,0,
,,,,,,,,,,,,,,,,,,,,,,,,,,,,,,,,,,,,,0,0,
,,,,,,,,,,,,,,,,,,,,,,,,,,,,,,,,,,,,,0,0,
,,,,,,,,,,,,,,,,,,,,,,,,,,,,,,,,,,,,,0,0,
,,,,,,,,,,,,,,,,,,,,,,,,,,,,,,,,,,,,,0,0,
,,,,,,,,,,,,,,,,,,,,,,,,,,,,,,,,,,,,,0,0,
,,,,,,,,,,,,,,,,,,,,,,,,,,,,,,,,,,,,,0,0,
,,,,,,,,,,,,,,,,,,,,,,,,,,,,,,,,,,,,,0,0,
,,,,,,,,,,,,,,,,,,,,,,,,,,,,,,,,,,,,,0,0,
,,,,,,,,,,,,,,,,,,,,,,,,,,,,,,,,,,,,,0,0,
,,,,,,,,,,,,,,,,,,,,,,,,,,,,,,,,,,,,,0,0,
,,,,,,,,,,,,,,,,,,,,,,,,,,,,,,,,,,,,,0,0,
,,,,,,,,,,,,,,,,,,,,,,,,,,,,,,,,,,,,,0,0,
,,,,,,,,,,,,,,,,,,,,,,,,,,,,,,,,,,,,,0,0,
,,,,,,,,,,,,,,,,,,,,,,,,,,,,,,,,,,,,,0,0,
,,,,,,,,,,,,,,,,,,,,,,,,,,,,,,,,,,,,,0,0,
,,,,,,,,,,,,,,,,,,,,,,,,,,,,,,,,,,,,,0,0,
,,,,,,,,,,,,,,,,,,,,,,,,,,,,,,,,,,,,,0,0,
,,,,,,,,,,,,,,,,,,,,,,,,,,,,,,,,,,,,,0,0,
,,,,,,,,,,,,,,,,,,,,,,,,,,,,,,,,,,,,,0,0,
,,,,,,,,,,,,,,,,,,,,,,,,,,,,,,,,,,,,,0,0,
,,,,,,,,,,,,,,,,,,,,,,,,,,,,,,,,,,,,,0,0,
,,,,,,,,,,,,,,,,,,,,,,,,,,,,,,,,,,,,,0,0,
,,,,,,,,,,,,,,,,,,,,,,,,,,,,,,,,,,,,,0,0,
,,,,,,,,,,,,,,,,,,,,,,,,,,,,,,,,,,,,,0,0,
,,,,,,,,,,,,,,,,,,,,,,,,,,,,,,,,,,,,,0,0,
,,,,,,,,,,,,,,,,,,,,,,,,,,,,,,,,,,,,,0,0,
,,,,,,,,,,,,,,,,,,,,,,,,,,,,,,,,,,,,,0,0,
,,,,,,,,,,,,,,,,,,,,,,,,,,,,,,,,,,,,,0,0,
,,,,,,,,,,,,,,,,,,,,,,,,,,,,,,,,,,,,,0,0,
,,,,,,,,,,,,,,,,,,,,,,,,,,,,,,,,,,,,,0,0,
,,,,,,,,,,,,,,,,,,,,,,,,,,,,,,,,,,,,,0,0,
,,,,,,,,,,,,,,,,,,,,,,,,,,,,,,,,,,,,,0,0,
,,,,,,,,,,,,,,,,,,,,,,,,,,,,,,,,,,,,,0,0,
,,,,,,,,,,,,,,,,,,,,,,,,,,,,,,,,,,,,,0,0,
,,,,,,,,,,,,,,,,,,,,,,,,,,,,,,,,,,,,,0,0,
,,,,,,,,,,,,,,,,,,,,,,,,,,,,,,,,,,,,,0,0,
,,,,,,,,,,,,,,,,,,,,,,,,,,,,,,,,,,,,,0,0,
,,,,,,,,,,,,,,,,,,,,,,,,,,,,,,,,,,,,,0,0,
,,,,,,,,,,,,,,,,,,,,,,,,,,,,,,,,,,,,,0,0,
,,,,,,,,,,,,,,,,,,,,,,,,,,,,,,,,,,,,,0,0,
,,,,,,,,,,,,,,,,,,,,,,,,,,,,,,,,,,,,,0,0,
,,,,,,,,,,,,,,,,,,,,,,,,,,,,,,,,,,,,,0,0,
,,,,,,,,,,,,,,,,,,,,,,,,,,,,,,,,,,,,,0,0,
,,,,,,,,,,,,,,,,,,,,,,,,,,,,,,,,,,,,,0,0,
,,,,,,,,,,,,,,,,,,,,,,,,,,,,,,,,,,,,,0,0,
,,,,,,,,,,,,,,,,,,,,,,,,,,,,,,,,,,,,,0,0,
,,,,,,,,,,,,,,,,,,,,,,,,,,,,,,,,,,,,,0,0,
,,,,,,,,,,,,,,,,,,,,,,,,,,,,,,,,,,,,,0,0,
,,,,,,,,,,,,,,,,,,,,,,,,,,,,,,,,,,,,,0,0,
,,,,,,,,,,,,,,,,,,,,,,,,,,,,,,,,,,,,,0,0,
,,,,,,,,,,,,,,,,,,,,,,,,,,,,,,,,,,,,,0,0,
,,,,,,,,,,,,,,,,,,,,,,,,,,,,,,,,,,,,,0,0,
,,,,,,,,,,,,,,,,,,,,,,,,,,,,,,,,,,,,,0,0,
,,,,,,,,,,,,,,,,,,,,,,,,,,,,,,,,,,,,,0,0,
,,,,,,,,,,,,,,,,,,,,,,,,,,,,,,,,,,,,,0,0,
,,,,,,,,,,,,,,,,,,,,,,,,,,,,,,,,,,,,,0,0,
,,,,,,,,,,,,,,,,,,,,,,,,,,,,,,,,,,,,,0,0,
,,,,,,,,,,,,,,,,,,,,,,,,,,,,,,,,,,,,,0,0,
,,,,,,,,,,,,,,,,,,,,,,,,,,,,,,,,,,,,,0,0,
,,,,,,,,,,,,,,,,,,,,,,,,,,,,,,,,,,,,,0,0,
,,,,,,,,,,,,,,,,,,,,,,,,,,,,,,,,,,,,,0,0,
,,,,,,,,,,,,,,,,,,,,,,,,,,,,,,,,,,,,,0,0,
,,,,,,,,,,,,,,,,,,,,,,,,,,,,,,,,,,,,,0,0,
,,,,,,,,,,,,,,,,,,,,,,,,,,,,,,,,,,,,,0,0,
,,,,,,,,,,,,,,,,,,,,,,,,,,,,,,,,,,,,,0,0,
,,,,,,,,,,,,,,,,,,,,,,,,,,,,,,,,,,,,,0,0,
,,,,,,,,,,,,,,,,,,,,,,,,,,,,,,,,,,,,,0,0,
,,,,,,,,,,,,,,,,,,,,,,,,,,,,,,,,,,,,,0,0,
,,,,,,,,,,,,,,,,,,,,,,,,,,,,,,,,,,,,,0,0,
,,,,,,,,,,,,,,,,,,,,,,,,,,,,,,,,,,,,,0,0,
,,,,,,,,,,,,,,,,,,,,,,,,,,,,,,,,,,,,,0,0,
,,,,,,,,,,,,,,,,,,,,,,,,,,,,,,,,,,,,,0,0,
,,,,,,,,,,,,,,,,,,,,,,,,,,,,,,,,,,,,,0,0,
,,,,,,,,,,,,,,,,,,,,,,,,,,,,,,,,,,,,,0,0,
,,,,,,,,,,,,,,,,,,,,,,,,,,,,,,,,,,,,,0,0,
,,,,,,,,,,,,,,,,,,,,,,,,,,,,,,,,,,,,,0,0,
,,,,,,,,,,,,,,,,,,,,,,,,,,,,,,,,,,,,,0,0,
,,,,,,,,,,,,,,,,,,,,,,,,,,,,,,,,,,,,,0,0,
,,,,,,,,,,,,,,,,,,,,,,,,,,,,,,,,,,,,,0,0,
,,,,,,,,,,,,,,,,,,,,,,,,,,,,,,,,,,,,,0,0,
,,,,,,,,,,,,,,,,,,,,,,,,,,,,,,,,,,,,,0,0,
,,,,,,,,,,,,,,,,,,,,,,,,,,,,,,,,,,,,,0,0,
,,,,,,,,,,,,,,,,,,,,,,,,,,,,,,,,,,,,,0,0,
,,,,,,,,,,,,,,,,,,,,,,,,,,,,,,,,,,,,,0,0,
,,,,,,,,,,,,,,,,,,,,,,,,,,,,,,,,,,,,,0,0,
,,,,,,,,,,,,,,,,,,,,,,,,,,,,,,,,,,,,,0,0,
,,,,,,,,,,,,,,,,,,,,,,,,,,,,,,,,,,,,,0,0,
,,,,,,,,,,,,,,,,,,,,,,,,,,,,,,,,,,,,,0,0,
,,,,,,,,,,,,,,,,,,,,,,,,,,,,,,,,,,,,,0,0,
,,,,,,,,,,,,,,,,,,,,,,,,,,,,,,,,,,,,,0,0,
,,,,,,,,,,,,,,,,,,,,,,,,,,,,,,,,,,,,,0,0,
,,,,,,,,,,,,,,,,,,,,,,,,,,,,,,,,,,,,,0,0,
,,,,,,,,,,,,,,,,,,,,,,,,,,,,,,,,,,,,,0,0,
,,,,,,,,,,,,,,,,,,,,,,,,,,,,,,,,,,,,,0,0,
,,,,,,,,,,,,,,,,,,,,,,,,,,,,,,,,,,,,,0,0,
,,,,,,,,,,,,,,,,,,,,,,,,,,,,,,,,,,,,,0,0,
,,,,,,,,,,,,,,,,,,,,,,,,,,,,,,,,,,,,,0,0,
,,,,,,,,,,,,,,,,,,,,,,,,,,,,,,,,,,,,,0,0,
,,,,,,,,,,,,,,,,,,,,,,,,,,,,,,,,,,,,,0,0,
,,,,,,,,,,,,,,,,,,,,,,,,,,,,,,,,,,,,,0,0,
,,,,,,,,,,,,,,,,,,,,,,,,,,,,,,,,,,,,,0,0,
,,,,,,,,,,,,,,,,,,,,,,,,,,,,,,,,,,,,,0,0,
,,,,,,,,,,,,,,,,,,,,,,,,,,,,,,,,,,,,,0,0,
,,,,,,,,,,,,,,,,,,,,,,,,,,,,,,,,,,,,,0,0,
,,,,,,,,,,,,,,,,,,,,,,,,,,,,,,,,,,,,,0,0,
,,,,,,,,,,,,,,,,,,,,,,,,,,,,,,,,,,,,,0,0,
,,,,,,,,,,,,,,,,,,,,,,,,,,,,,,,,,,,,,0,0,
,,,,,,,,,,,,,,,,,,,,,,,,,,,,,,,,,,,,,0,0,
,,,,,,,,,,,,,,,,,,,,,,,,,,,,,,,,,,,,,0,0,
,,,,,,,,,,,,,,,,,,,,,,,,,,,,,,,,,,,,,0,0,
,,,,,,,,,,,,,,,,,,,,,,,,,,,,,,,,,,,,,0,0,
,,,,,,,,,,,,,,,,,,,,,,,,,,,,,,,,,,,,,0,0,
,,,,,,,,,,,,,,,,,,,,,,,,,,,,,,,,,,,,,0,0,
,,,,,,,,,,,,,,,,,,,,,,,,,,,,,,,,,,,,,0,0,
,,,,,,,,,,,,,,,,,,,,,,,,,,,,,,,,,,,,,0,0,
,,,,,,,,,,,,,,,,,,,,,,,,,,,,,,,,,,,,,0,0,
,,,,,,,,,,,,,,,,,,,,,,,,,,,,,,,,,,,,,0,0,
,,,,,,,,,,,,,,,,,,,,,,,,,,,,,,,,,,,,,0,0,
,,,,,,,,,,,,,,,,,,,,,,,,,,,,,,,,,,,,,0,0,
,,,,,,,,,,,,,,,,,,,,,,,,,,,,,,,,,,,,,0,0,
,,,,,,,,,,,,,,,,,,,,,,,,,,,,,,,,,,,,,0,0,
,,,,,,,,,,,,,,,,,,,,,,,,,,,,,,,,,,,,,0,0,
,,,,,,,,,,,,,,,,,,,,,,,,,,,,,,,,,,,,,0,0,
,,,,,,,,,,,,,,,,,,,,,,,,,,,,,,,,,,,,,0,0,
,,,,,,,,,,,,,,,,,,,,,,,,,,,,,,,,,,,,,0,0,
,,,,,,,,,,,,,,,,,,,,,,,,,,,,,,,,,,,,,0,0,
,,,,,,,,,,,,,,,,,,,,,,,,,,,,,,,,,,,,,0,0,
,,,,,,,,,,,,,,,,,,,,,,,,,,,,,,,,,,,,,0,0,
,,,,,,,,,,,,,,,,,,,,,,,,,,,,,,,,,,,,,0,0,
,,,,,,,,,,,,,,,,,,,,,,,,,,,,,,,,,,,,,0,0,
,,,,,,,,,,,,,,,,,,,,,,,,,,,,,,,,,,,,,0,0,
,,,,,,,,,,,,,,,,,,,,,,,,,,,,,,,,,,,,,0,0,
,,,,,,,,,,,,,,,,,,,,,,,,,,,,,,,,,,,,,0,0,
,,,,,,,,,,,,,,,,,,,,,,,,,,,,,,,,,,,,,0,0,
,,,,,,,,,,,,,,,,,,,,,,,,,,,,,,,,,,,,,0,0,
,,,,,,,,,,,,,,,,,,,,,,,,,,,,,,,,,,,,,0,0,
,,,,,,,,,,,,,,,,,,,,,,,,,,,,,,,,,,,,,0,0,
,,,,,,,,,,,,,,,,,,,,,,,,,,,,,,,,,,,,,0,0,
,,,,,,,,,,,,,,,,,,,,,,,,,,,,,,,,,,,,,0,0,
,,,,,,,,,,,,,,,,,,,,,,,,,,,,,,,,,,,,,0,0,
,,,,,,,,,,,,,,,,,,,,,,,,,,,,,,,,,,,,,0,0,
,,,,,,,,,,,,,,,,,,,,,,,,,,,,,,,,,,,,,0,0,
,,,,,,,,,,,,,,,,,,,,,,,,,,,,,,,,,,,,,0,0,
,,,,,,,,,,,,,,,,,,,,,,,,,,,,,,,,,,,,,0,0,
,,,,,,,,,,,,,,,,,,,,,,,,,,,,,,,,,,,,,0,0,
,,,,,,,,,,,,,,,,,,,,,,,,,,,,,,,,,,,,,0,0,
,,,,,,,,,,,,,,,,,,,,,,,,,,,,,,,,,,,,,0,0,
,,,,,,,,,,,,,,,,,,,,,,,,,,,,,,,,,,,,,0,0,
,,,,,,,,,,,,,,,,,,,,,,,,,,,,,,,,,,,,,0,0,
,,,,,,,,,,,,,,,,,,,,,,,,,,,,,,,,,,,,,0,0,
,,,,,,,,,,,,,,,,,,,,,,,,,,,,,,,,,,,,,0,0,
,,,,,,,,,,,,,,,,,,,,,,,,,,,,,,,,,,,,,0,0,
,,,,,,,,,,,,,,,,,,,,,,,,,,,,,,,,,,,,,0,0,
,,,,,,,,,,,,,,,,,,,,,,,,,,,,,,,,,,,,,0,0,
,,,,,,,,,,,,,,,,,,,,,,,,,,,,,,,,,,,,,0,0,
,,,,,,,,,,,,,,,,,,,,,,,,,,,,,,,,,,,,,0,0,
,,,,,,,,,,,,,,,,,,,,,,,,,,,,,,,,,,,,,0,0,
,,,,,,,,,,,,,,,,,,,,,,,,,,,,,,,,,,,,,0,0,
,,,,,,,,,,,,,,,,,,,,,,,,,,,,,,,,,,,,,0,0,
,,,,,,,,,,,,,,,,,,,,,,,,,,,,,,,,,,,,,0,0,
,,,,,,,,,,,,,,,,,,,,,,,,,,,,,,,,,,,,,0,0,
,,,,,,,,,,,,,,,,,,,,,,,,,,,,,,,,,,,,,0,0,
,,,,,,,,,,,,,,,,,,,,,,,,,,,,,,,,,,,,,0,0,
,,,,,,,,,,,,,,,,,,,,,,,,,,,,,,,,,,,,,0,0,
,,,,,,,,,,,,,,,,,,,,,,,,,,,,,,,,,,,,,0,0,
,,,,,,,,,,,,,,,,,,,,,,,,,,,,,,,,,,,,,0,0,
,,,,,,,,,,,,,,,,,,,,,,,,,,,,,,,,,,,,,0,0,
,,,,,,,,,,,,,,,,,,,,,,,,,,,,,,,,,,,,,0,0,
,,,,,,,,,,,,,,,,,,,,,,,,,,,,,,,,,,,,,0,0,
,,,,,,,,,,,,,,,,,,,,,,,,,,,,,,,,,,,,,0,0,
,,,,,,,,,,,,,,,,,,,,,,,,,,,,,,,,,,,,,0,0,
,,,,,,,,,,,,,,,,,,,,,,,,,,,,,,,,,,,,,0,0,
,,,,,,,,,,,,,,,,,,,,,,,,,,,,,,,,,,,,,0,0,
,,,,,,,,,,,,,,,,,,,,,,,,,,,,,,,,,,,,,0,0,
,,,,,,,,,,,,,,,,,,,,,,,,,,,,,,,,,,,,,0,0,
,,,,,,,,,,,,,,,,,,,,,,,,,,,,,,,,,,,,,0,0,
,,,,,,,,,,,,,,,,,,,,,,,,,,,,,,,,,,,,,0,0,
,,,,,,,,,,,,,,,,,,,,,,,,,,,,,,,,,,,,,0,0,
,,,,,,,,,,,,,,,,,,,,,,,,,,,,,,,,,,,,,0,0,
,,,,,,,,,,,,,,,,,,,,,,,,,,,,,,,,,,,,,0,0,
,,,,,,,,,,,,,,,,,,,,,,,,,,,,,,,,,,,,,0,0,
,,,,,,,,,,,,,,,,,,,,,,,,,,,,,,,,,,,,,0,0,
,,,,,,,,,,,,,,,,,,,,,,,,,,,,,,,,,,,,,0,0,
,,,,,,,,,,,,,,,,,,,,,,,,,,,,,,,,,,,,,0,0,
,,,,,,,,,,,,,,,,,,,,,,,,,,,,,,,,,,,,,0,0,
,,,,,,,,,,,,,,,,,,,,,,,,,,,,,,,,,,,,,0,0,
,,,,,,,,,,,,,,,,,,,,,,,,,,,,,,,,,,,,,0,0,
,,,,,,,,,,,,,,,,,,,,,,,,,,,,,,,,,,,,,0,0,
,,,,,,,,,,,,,,,,,,,,,,,,,,,,,,,,,,,,,0,0,
,,,,,,,,,,,,,,,,,,,,,,,,,,,,,,,,,,,,,0,0,
,,,,,,,,,,,,,,,,,,,,,,,,,,,,,,,,,,,,,0,0,
,,,,,,,,,,,,,,,,,,,,,,,,,,,,,,,,,,,,,0,0,
,,,,,,,,,,,,,,,,,,,,,,,,,,,,,,,,,,,,,0,0,
,,,,,,,,,,,,,,,,,,,,,,,,,,,,,,,,,,,,,0,0,
,,,,,,,,,,,,,,,,,,,,,,,,,,,,,,,,,,,,,0,0,
,,,,,,,,,,,,,,,,,,,,,,,,,,,,,,,,,,,,,0,0,
,,,,,,,,,,,,,,,,,,,,,,,,,,,,,,,,,,,,,0,0,
,,,,,,,,,,,,,,,,,,,,,,,,,,,,,,,,,,,,,0,0,
,,,,,,,,,,,,,,,,,,,,,,,,,,,,,,,,,,,,,0,0,
,,,,,,,,,,,,,,,,,,,,,,,,,,,,,,,,,,,,,0,0,
,,,,,,,,,,,,,,,,,,,,,,,,,,,,,,,,,,,,,0,0,
,,,,,,,,,,,,,,,,,,,,,,,,,,,,,,,,,,,,,0,0,
,,,,,,,,,,,,,,,,,,,,,,,,,,,,,,,,,,,,,0,0,
,,,,,,,,,,,,,,,,,,,,,,,,,,,,,,,,,,,,,0,0,
,,,,,,,,,,,,,,,,,,,,,,,,,,,,,,,,,,,,,0,0,
,,,,,,,,,,,,,,,,,,,,,,,,,,,,,,,,,,,,,0,0,
,,,,,,,,,,,,,,,,,,,,,,,,,,,,,,,,,,,,,0,0,
,,,,,,,,,,,,,,,,,,,,,,,,,,,,,,,,,,,,,0,0,
,,,,,,,,,,,,,,,,,,,,,,,,,,,,,,,,,,,,,0,0,
,,,,,,,,,,,,,,,,,,,,,,,,,,,,,,,,,,,,,0,0,
,,,,,,,,,,,,,,,,,,,,,,,,,,,,,,,,,,,,,0,0,
,,,,,,,,,,,,,,,,,,,,,,,,,,,,,,,,,,,,,0,0,
,,,,,,,,,,,,,,,,,,,,,,,,,,,,,,,,,,,,,0,0,
,,,,,,,,,,,,,,,,,,,,,,,,,,,,,,,,,,,,,0,0,
,,,,,,,,,,,,,,,,,,,,,,,,,,,,,,,,,,,,,0,0,
,,,,,,,,,,,,,,,,,,,,,,,,,,,,,,,,,,,,,0,0,
,,,,,,,,,,,,,,,,,,,,,,,,,,,,,,,,,,,,,0,0,
,,,,,,,,,,,,,,,,,,,,,,,,,,,,,,,,,,,,,0,0,
,,,,,,,,,,,,,,,,,,,,,,,,,,,,,,,,,,,,,0,0,
,,,,,,,,,,,,,,,,,,,,,,,,,,,,,,,,,,,,,0,0,
,,,,,,,,,,,,,,,,,,,,,,,,,,,,,,,,,,,,,0,0,
,,,,,,,,,,,,,,,,,,,,,,,,,,,,,,,,,,,,,0,0,
,,,,,,,,,,,,,,,,,,,,,,,,,,,,,,,,,,,,,0,0,
,,,,,,,,,,,,,,,,,,,,,,,,,,,,,,,,,,,,,0,0,
,,,,,,,,,,,,,,,,,,,,,,,,,,,,,,,,,,,,,0,0,
,,,,,,,,,,,,,,,,,,,,,,,,,,,,,,,,,,,,,0,0,
,,,,,,,,,,,,,,,,,,,,,,,,,,,,,,,,,,,,,0,0,
,,,,,,,,,,,,,,,,,,,,,,,,,,,,,,,,,,,,,0,0,
,,,,,,,,,,,,,,,,,,,,,,,,,,,,,,,,,,,,,0,0,
,,,,,,,,,,,,,,,,,,,,,,,,,,,,,,,,,,,,,0,0,
,,,,,,,,,,,,,,,,,,,,,,,,,,,,,,,,,,,,,0,0,
,,,,,,,,,,,,,,,,,,,,,,,,,,,,,,,,,,,,,0,0,
,,,,,,,,,,,,,,,,,,,,,,,,,,,,,,,,,,,,,0,0,
,,,,,,,,,,,,,,,,,,,,,,,,,,,,,,,,,,,,,0,0,
,,,,,,,,,,,,,,,,,,,,,,,,,,,,,,,,,,,,,0,0,
,,,,,,,,,,,,,,,,,,,,,,,,,,,,,,,,,,,,,0,0,
,,,,,,,,,,,,,,,,,,,,,,,,,,,,,,,,,,,,,0,0,
,,,,,,,,,,,,,,,,,,,,,,,,,,,,,,,,,,,,,0,0,
,,,,,,,,,,,,,,,,,,,,,,,,,,,,,,,,,,,,,0,0,
,,,,,,,,,,,,,,,,,,,,,,,,,,,,,,,,,,,,,0,0,
,,,,,,,,,,,,,,,,,,,,,,,,,,,,,,,,,,,,,0,0,
,,,,,,,,,,,,,,,,,,,,,,,,,,,,,,,,,,,,,0,0,
,,,,,,,,,,,,,,,,,,,,,,,,,,,,,,,,,,,,,0,0,
,,,,,,,,,,,,,,,,,,,,,,,,,,,,,,,,,,,,,0,0,
,,,,,,,,,,,,,,,,,,,,,,,,,,,,,,,,,,,,,0,0,
,,,,,,,,,,,,,,,,,,,,,,,,,,,,,,,,,,,,,0,0,
,,,,,,,,,,,,,,,,,,,,,,,,,,,,,,,,,,,,,0,0,
,,,,,,,,,,,,,,,,,,,,,,,,,,,,,,,,,,,,,0,0,
,,,,,,,,,,,,,,,,,,,,,,,,,,,,,,,,,,,,,0,0,
,,,,,,,,,,,,,,,,,,,,,,,,,,,,,,,,,,,,,0,0,
,,,,,,,,,,,,,,,,,,,,,,,,,,,,,,,,,,,,,0,0,
,,,,,,,,,,,,,,,,,,,,,,,,,,,,,,,,,,,,,0,0,
,,,,,,,,,,,,,,,,,,,,,,,,,,,,,,,,,,,,,0,0,
,,,,,,,,,,,,,,,,,,,,,,,,,,,,,,,,,,,,,0,0,
,,,,,,,,,,,,,,,,,,,,,,,,,,,,,,,,,,,,,0,0,
,,,,,,,,,,,,,,,,,,,,,,,,,,,,,,,,,,,,,0,0,
,,,,,,,,,,,,,,,,,,,,,,,,,,,,,,,,,,,,,0,0,
,,,,,,,,,,,,,,,,,,,,,,,,,,,,,,,,,,,,,0,0,
,,,,,,,,,,,,,,,,,,,,,,,,,,,,,,,,,,,,,0,0,
,,,,,,,,,,,,,,,,,,,,,,,,,,,,,,,,,,,,,0,0,
,,,,,,,,,,,,,,,,,,,,,,,,,,,,,,,,,,,,,0,0,
,,,,,,,,,,,,,,,,,,,,,,,,,,,,,,,,,,,,,0,0,
,,,,,,,,,,,,,,,,,,,,,,,,,,,,,,,,,,,,,0,0,
,,,,,,,,,,,,,,,,,,,,,,,,,,,,,,,,,,,,,0,0,
,,,,,,,,,,,,,,,,,,,,,,,,,,,,,,,,,,,,,0,0,
,,,,,,,,,,,,,,,,,,,,,,,,,,,,,,,,,,,,,0,0,
,,,,,,,,,,,,,,,,,,,,,,,,,,,,,,,,,,,,,0,0,
,,,,,,,,,,,,,,,,,,,,,,,,,,,,,,,,,,,,,0,0,
,,,,,,,,,,,,,,,,,,,,,,,,,,,,,,,,,,,,,0,0,
,,,,,,,,,,,,,,,,,,,,,,,,,,,,,,,,,,,,,0,0,
,,,,,,,,,,,,,,,,,,,,,,,,,,,,,,,,,,,,,0,0,
,,,,,,,,,,,,,,,,,,,,,,,,,,,,,,,,,,,,,0,0,
,,,,,,,,,,,,,,,,,,,,,,,,,,,,,,,,,,,,,0,0,
,,,,,,,,,,,,,,,,,,,,,,,,,,,,,,,,,,,,,0,0,
,,,,,,,,,,,,,,,,,,,,,,,,,,,,,,,,,,,,,0,0,
,,,,,,,,,,,,,,,,,,,,,,,,,,,,,,,,,,,,,0,0,
,,,,,,,,,,,,,,,,,,,,,,,,,,,,,,,,,,,,,0,0,
,,,,,,,,,,,,,,,,,,,,,,,,,,,,,,,,,,,,,0,0,
,,,,,,,,,,,,,,,,,,,,,,,,,,,,,,,,,,,,,0,0,
,,,,,,,,,,,,,,,,,,,,,,,,,,,,,,,,,,,,,0,0,
,,,,,,,,,,,,,,,,,,,,,,,,,,,,,,,,,,,,,0,0,
,,,,,,,,,,,,,,,,,,,,,,,,,,,,,,,,,,,,,0,0,
,,,,,,,,,,,,,,,,,,,,,,,,,,,,,,,,,,,,,0,0,
,,,,,,,,,,,,,,,,,,,,,,,,,,,,,,,,,,,,,0,0,
,,,,,,,,,,,,,,,,,,,,,,,,,,,,,,,,,,,,,0,0,
,,,,,,,,,,,,,,,,,,,,,,,,,,,,,,,,,,,,,0,0,
,,,,,,,,,,,,,,,,,,,,,,,,,,,,,,,,,,,,,0,0,
,,,,,,,,,,,,,,,,,,,,,,,,,,,,,,,,,,,,,0,0,
,,,,,,,,,,,,,,,,,,,,,,,,,,,,,,,,,,,,,0,0,
,,,,,,,,,,,,,,,,,,,,,,,,,,,,,,,,,,,,,0,0,
,,,,,,,,,,,,,,,,,,,,,,,,,,,,,,,,,,,,,0,0,
,,,,,,,,,,,,,,,,,,,,,,,,,,,,,,,,,,,,,0,0,
,,,,,,,,,,,,,,,,,,,,,,,,,,,,,,,,,,,,,0,0,
,,,,,,,,,,,,,,,,,,,,,,,,,,,,,,,,,,,,,0,0,
,,,,,,,,,,,,,,,,,,,,,,,,,,,,,,,,,,,,,0,0,
,,,,,,,,,,,,,,,,,,,,,,,,,,,,,,,,,,,,,0,0,
,,,,,,,,,,,,,,,,,,,,,,,,,,,,,,,,,,,,,0,0,
,,,,,,,,,,,,,,,,,,,,,,,,,,,,,,,,,,,,,0,0,
,,,,,,,,,,,,,,,,,,,,,,,,,,,,,,,,,,,,,0,0,
,,,,,,,,,,,,,,,,,,,,,,,,,,,,,,,,,,,,,0,0,
,,,,,,,,,,,,,,,,,,,,,,,,,,,,,,,,,,,,,0,0,
,,,,,,,,,,,,,,,,,,,,,,,,,,,,,,,,,,,,,0,0,
,,,,,,,,,,,,,,,,,,,,,,,,,,,,,,,,,,,,,0,0,
,,,,,,,,,,,,,,,,,,,,,,,,,,,,,,,,,,,,,0,0,
,,,,,,,,,,,,,,,,,,,,,,,,,,,,,,,,,,,,,0,0,
,,,,,,,,,,,,,,,,,,,,,,,,,,,,,,,,,,,,,0,0,
,,,,,,,,,,,,,,,,,,,,,,,,,,,,,,,,,,,,,0,0,
,,,,,,,,,,,,,,,,,,,,,,,,,,,,,,,,,,,,,0,0,
,,,,,,,,,,,,,,,,,,,,,,,,,,,,,,,,,,,,,0,0,
,,,,,,,,,,,,,,,,,,,,,,,,,,,,,,,,,,,,,0,0,
,,,,,,,,,,,,,,,,,,,,,,,,,,,,,,,,,,,,,0,0,
,,,,,,,,,,,,,,,,,,,,,,,,,,,,,,,,,,,,,0,0,
,,,,,,,,,,,,,,,,,,,,,,,,,,,,,,,,,,,,,0,0,
,,,,,,,,,,,,,,,,,,,,,,,,,,,,,,,,,,,,,0,0,
,,,,,,,,,,,,,,,,,,,,,,,,,,,,,,,,,,,,,0,0,
,,,,,,,,,,,,,,,,,,,,,,,,,,,,,,,,,,,,,0,0,
,,,,,,,,,,,,,,,,,,,,,,,,,,,,,,,,,,,,,0,0,
,,,,,,,,,,,,,,,,,,,,,,,,,,,,,,,,,,,,,0,0,
,,,,,,,,,,,,,,,,,,,,,,,,,,,,,,,,,,,,,0,0,
,,,,,,,,,,,,,,,,,,,,,,,,,,,,,,,,,,,,,0,0,
,,,,,,,,,,,,,,,,,,,,,,,,,,,,,,,,,,,,,0,0,
,,,,,,,,,,,,,,,,,,,,,,,,,,,,,,,,,,,,,0,0,
,,,,,,,,,,,,,,,,,,,,,,,,,,,,,,,,,,,,,0,0,
,,,,,,,,,,,,,,,,,,,,,,,,,,,,,,,,,,,,,0,0,
,,,,,,,,,,,,,,,,,,,,,,,,,,,,,,,,,,,,,0,0,
,,,,,,,,,,,,,,,,,,,,,,,,,,,,,,,,,,,,,0,0,
,,,,,,,,,,,,,,,,,,,,,,,,,,,,,,,,,,,,,0,0,
,,,,,,,,,,,,,,,,,,,,,,,,,,,,,,,,,,,,,0,0,
,,,,,,,,,,,,,,,,,,,,,,,,,,,,,,,,,,,,,0,0,
,,,,,,,,,,,,,,,,,,,,,,,,,,,,,,,,,,,,,0,0,
,,,,,,,,,,,,,,,,,,,,,,,,,,,,,,,,,,,,,0,0,
,,,,,,,,,,,,,,,,,,,,,,,,,,,,,,,,,,,,,0,0,
,,,,,,,,,,,,,,,,,,,,,,,,,,,,,,,,,,,,,0,0,
,,,,,,,,,,,,,,,,,,,,,,,,,,,,,,,,,,,,,0,0,
,,,,,,,,,,,,,,,,,,,,,,,,,,,,,,,,,,,,,0,0,
,,,,,,,,,,,,,,,,,,,,,,,,,,,,,,,,,,,,,0,0,
,,,,,,,,,,,,,,,,,,,,,,,,,,,,,,,,,,,,,0,0,
,,,,,,,,,,,,,,,,,,,,,,,,,,,,,,,,,,,,,0,0,
,,,,,,,,,,,,,,,,,,,,,,,,,,,,,,,,,,,,,0,0,
,,,,,,,,,,,,,,,,,,,,,,,,,,,,,,,,,,,,,0,0,
,,,,,,,,,,,,,,,,,,,,,,,,,,,,,,,,,,,,,0,0,
,,,,,,,,,,,,,,,,,,,,,,,,,,,,,,,,,,,,,0,0,
,,,,,,,,,,,,,,,,,,,,,,,,,,,,,,,,,,,,,0,0,
,,,,,,,,,,,,,,,,,,,,,,,,,,,,,,,,,,,,,0,0,
,,,,,,,,,,,,,,,,,,,,,,,,,,,,,,,,,,,,,0,0,
,,,,,,,,,,,,,,,,,,,,,,,,,,,,,,,,,,,,,0,0,
,,,,,,,,,,,,,,,,,,,,,,,,,,,,,,,,,,,,,0,0,
,,,,,,,,,,,,,,,,,,,,,,,,,,,,,,,,,,,,,0,0,
,,,,,,,,,,,,,,,,,,,,,,,,,,,,,,,,,,,,,0,0,
,,,,,,,,,,,,,,,,,,,,,,,,,,,,,,,,,,,,,0,0,
,,,,,,,,,,,,,,,,,,,,,,,,,,,,,,,,,,,,,0,0,
,,,,,,,,,,,,,,,,,,,,,,,,,,,,,,,,,,,,,0,0,
,,,,,,,,,,,,,,,,,,,,,,,,,,,,,,,,,,,,,0,0,
,,,,,,,,,,,,,,,,,,,,,,,,,,,,,,,,,,,,,0,0,
,,,,,,,,,,,,,,,,,,,,,,,,,,,,,,,,,,,,,0,0,
,,,,,,,,,,,,,,,,,,,,,,,,,,,,,,,,,,,,,0,0,
,,,,,,,,,,,,,,,,,,,,,,,,,,,,,,,,,,,,,0,0,
,,,,,,,,,,,,,,,,,,,,,,,,,,,,,,,,,,,,,0,0,
,,,,,,,,,,,,,,,,,,,,,,,,,,,,,,,,,,,,,0,0,
,,,,,,,,,,,,,,,,,,,,,,,,,,,,,,,,,,,,,0,0,
,,,,,,,,,,,,,,,,,,,,,,,,,,,,,,,,,,,,,0,0,
,,,,,,,,,,,,,,,,,,,,,,,,,,,,,,,,,,,,,0,0,
,,,,,,,,,,,,,,,,,,,,,,,,,,,,,,,,,,,,,0,0,
,,,,,,,,,,,,,,,,,,,,,,,,,,,,,,,,,,,,,0,0,
,,,,,,,,,,,,,,,,,,,,,,,,,,,,,,,,,,,,,0,0,
,,,,,,,,,,,,,,,,,,,,,,,,,,,,,,,,,,,,,0,0,
,,,,,,,,,,,,,,,,,,,,,,,,,,,,,,,,,,,,,0,0,
,,,,,,,,,,,,,,,,,,,,,,,,,,,,,,,,,,,,,0,0,
,,,,,,,,,,,,,,,,,,,,,,,,,,,,,,,,,,,,,0,0,
,,,,,,,,,,,,,,,,,,,,,,,,,,,,,,,,,,,,,0,0,
,,,,,,,,,,,,,,,,,,,,,,,,,,,,,,,,,,,,,0,0,
,,,,,,,,,,,,,,,,,,,,,,,,,,,,,,,,,,,,,0,0,
,,,,,,,,,,,,,,,,,,,,,,,,,,,,,,,,,,,,,0,0,
,,,,,,,,,,,,,,,,,,,,,,,,,,,,,,,,,,,,,0,0,
,,,,,,,,,,,,,,,,,,,,,,,,,,,,,,,,,,,,,0,0,
,,,,,,,,,,,,,,,,,,,,,,,,,,,,,,,,,,,,,0,0,
,,,,,,,,,,,,,,,,,,,,,,,,,,,,,,,,,,,,,0,0,
,,,,,,,,,,,,,,,,,,,,,,,,,,,,,,,,,,,,,0,0,
,,,,,,,,,,,,,,,,,,,,,,,,,,,,,,,,,,,,,0,0,
,,,,,,,,,,,,,,,,,,,,,,,,,,,,,,,,,,,,,0,0,
,,,,,,,,,,,,,,,,,,,,,,,,,,,,,,,,,,,,,0,0,
,,,,,,,,,,,,,,,,,,,,,,,,,,,,,,,,,,,,,0,0,
,,,,,,,,,,,,,,,,,,,,,,,,,,,,,,,,,,,,,0,0,
,,,,,,,,,,,,,,,,,,,,,,,,,,,,,,,,,,,,,0,0,
,,,,,,,,,,,,,,,,,,,,,,,,,,,,,,,,,,,,,0,0,
,,,,,,,,,,,,,,,,,,,,,,,,,,,,,,,,,,,,,0,0,
,,,,,,,,,,,,,,,,,,,,,,,,,,,,,,,,,,,,,0,0,
,,,,,,,,,,,,,,,,,,,,,,,,,,,,,,,,,,,,,0,0,
,,,,,,,,,,,,,,,,,,,,,,,,,,,,,,,,,,,,,0,0,
,,,,,,,,,,,,,,,,,,,,,,,,,,,,,,,,,,,,,0,0,
,,,,,,,,,,,,,,,,,,,,,,,,,,,,,,,,,,,,,0,0,
,,,,,,,,,,,,,,,,,,,,,,,,,,,,,,,,,,,,,0,0,
,,,,,,,,,,,,,,,,,,,,,,,,,,,,,,,,,,,,,0,0,
,,,,,,,,,,,,,,,,,,,,,,,,,,,,,,,,,,,,,0,0,
,,,,,,,,,,,,,,,,,,,,,,,,,,,,,,,,,,,,,0,0,
,,,,,,,,,,,,,,,,,,,,,,,,,,,,,,,,,,,,,0,0,
,,,,,,,,,,,,,,,,,,,,,,,,,,,,,,,,,,,,,0,0,
,,,,,,,,,,,,,,,,,,,,,,,,,,,,,,,,,,,,,0,0,
,,,,,,,,,,,,,,,,,,,,,,,,,,,,,,,,,,,,,0,0,
,,,,,,,,,,,,,,,,,,,,,,,,,,,,,,,,,,,,,0,0,
,,,,,,,,,,,,,,,,,,,,,,,,,,,,,,,,,,,,,0,0,
,,,,,,,,,,,,,,,,,,,,,,,,,,,,,,,,,,,,,0,0,
,,,,,,,,,,,,,,,,,,,,,,,,,,,,,,,,,,,,,0,0,
,,,,,,,,,,,,,,,,,,,,,,,,,,,,,,,,,,,,,0,0,
,,,,,,,,,,,,,,,,,,,,,,,,,,,,,,,,,,,,,0,0,
,,,,,,,,,,,,,,,,,,,,,,,,,,,,,,,,,,,,,0,0,
,,,,,,,,,,,,,,,,,,,,,,,,,,,,,,,,,,,,,0,0,
,,,,,,,,,,,,,,,,,,,,,,,,,,,,,,,,,,,,,0,0,
,,,,,,,,,,,,,,,,,,,,,,,,,,,,,,,,,,,,,0,0,
,,,,,,,,,,,,,,,,,,,,,,,,,,,,,,,,,,,,,0,0,
,,,,,,,,,,,,,,,,,,,,,,,,,,,,,,,,,,,,,0,0,
,,,,,,,,,,,,,,,,,,,,,,,,,,,,,,,,,,,,,0,0,
,,,,,,,,,,,,,,,,,,,,,,,,,,,,,,,,,,,,,0,0,
,,,,,,,,,,,,,,,,,,,,,,,,,,,,,,,,,,,,,0,0,
,,,,,,,,,,,,,,,,,,,,,,,,,,,,,,,,,,,,,0,0,
,,,,,,,,,,,,,,,,,,,,,,,,,,,,,,,,,,,,,0,0,
,,,,,,,,,,,,,,,,,,,,,,,,,,,,,,,,,,,,,0,0,
,,,,,,,,,,,,,,,,,,,,,,,,,,,,,,,,,,,,,0,0,
,,,,,,,,,,,,,,,,,,,,,,,,,,,,,,,,,,,,,0,0,
,,,,,,,,,,,,,,,,,,,,,,,,,,,,,,,,,,,,,0,0,
,,,,,,,,,,,,,,,,,,,,,,,,,,,,,,,,,,,,,0,0,
,,,,,,,,,,,,,,,,,,,,,,,,,,,,,,,,,,,,,0,0,
,,,,,,,,,,,,,,,,,,,,,,,,,,,,,,,,,,,,,0,0,
,,,,,,,,,,,,,,,,,,,,,,,,,,,,,,,,,,,,,0,0,
,,,,,,,,,,,,,,,,,,,,,,,,,,,,,,,,,,,,,0,0,
,,,,,,,,,,,,,,,,,,,,,,,,,,,,,,,,,,,,,0,0,
,,,,,,,,,,,,,,,,,,,,,,,,,,,,,,,,,,,,,0,0,
,,,,,,,,,,,,,,,,,,,,,,,,,,,,,,,,,,,,,0,0,
,,,,,,,,,,,,,,,,,,,,,,,,,,,,,,,,,,,,,0,0,
,,,,,,,,,,,,,,,,,,,,,,,,,,,,,,,,,,,,,0,0,
,,,,,,,,,,,,,,,,,,,,,,,,,,,,,,,,,,,,,0,0,
,,,,,,,,,,,,,,,,,,,,,,,,,,,,,,,,,,,,,0,0,
,,,,,,,,,,,,,,,,,,,,,,,,,,,,,,,,,,,,,0,0,
,,,,,,,,,,,,,,,,,,,,,,,,,,,,,,,,,,,,,0,0,
,,,,,,,,,,,,,,,,,,,,,,,,,,,,,,,,,,,,,0,0,
,,,,,,,,,,,,,,,,,,,,,,,,,,,,,,,,,,,,,0,0,
,,,,,,,,,,,,,,,,,,,,,,,,,,,,,,,,,,,,,0,0,
,,,,,,,,,,,,,,,,,,,,,,,,,,,,,,,,,,,,,0,0,
,,,,,,,,,,,,,,,,,,,,,,,,,,,,,,,,,,,,,0,0,
,,,,,,,,,,,,,,,,,,,,,,,,,,,,,,,,,,,,,0,0,
,,,,,,,,,,,,,,,,,,,,,,,,,,,,,,,,,,,,,0,0,
,,,,,,,,,,,,,,,,,,,,,,,,,,,,,,,,,,,,,0,0,
,,,,,,,,,,,,,,,,,,,,,,,,,,,,,,,,,,,,,0,0,
,,,,,,,,,,,,,,,,,,,,,,,,,,,,,,,,,,,,,0,0,
,,,,,,,,,,,,,,,,,,,,,,,,,,,,,,,,,,,,,0,0,
,,,,,,,,,,,,,,,,,,,,,,,,,,,,,,,,,,,,,0,0,
,,,,,,,,,,,,,,,,,,,,,,,,,,,,,,,,,,,,,0,0,
,,,,,,,,,,,,,,,,,,,,,,,,,,,,,,,,,,,,,0,0,
,,,,,,,,,,,,,,,,,,,,,,,,,,,,,,,,,,,,,0,0,
,,,,,,,,,,,,,,,,,,,,,,,,,,,,,,,,,,,,,0,0,
,,,,,,,,,,,,,,,,,,,,,,,,,,,,,,,,,,,,,0,0,
,,,,,,,,,,,,,,,,,,,,,,,,,,,,,,,,,,,,,0,0,
,,,,,,,,,,,,,,,,,,,,,,,,,,,,,,,,,,,,,0,0,
,,,,,,,,,,,,,,,,,,,,,,,,,,,,,,,,,,,,,0,0,
,,,,,,,,,,,,,,,,,,,,,,,,,,,,,,,,,,,,,0,0,
,,,,,,,,,,,,,,,,,,,,,,,,,,,,,,,,,,,,,0,0,
,,,,,,,,,,,,,,,,,,,,,,,,,,,,,,,,,,,,,0,0,
,,,,,,,,,,,,,,,,,,,,,,,,,,,,,,,,,,,,,0,0,
,,,,,,,,,,,,,,,,,,,,,,,,,,,,,,,,,,,,,0,0,
,,,,,,,,,,,,,,,,,,,,,,,,,,,,,,,,,,,,,0,0,
,,,,,,,,,,,,,,,,,,,,,,,,,,,,,,,,,,,,,0,0,
,,,,,,,,,,,,,,,,,,,,,,,,,,,,,,,,,,,,,0,0,
,,,,,,,,,,,,,,,,,,,,,,,,,,,,,,,,,,,,,0,0,
,,,,,,,,,,,,,,,,,,,,,,,,,,,,,,,,,,,,,0,0,
,,,,,,,,,,,,,,,,,,,,,,,,,,,,,,,,,,,,,0,0,
,,,,,,,,,,,,,,,,,,,,,,,,,,,,,,,,,,,,,0,0,
,,,,,,,,,,,,,,,,,,,,,,,,,,,,,,,,,,,,,0,0,
,,,,,,,,,,,,,,,,,,,,,,,,,,,,,,,,,,,,,0,0,
,,,,,,,,,,,,,,,,,,,,,,,,,,,,,,,,,,,,,0,0,
,,,,,,,,,,,,,,,,,,,,,,,,,,,,,,,,,,,,,0,0,
,,,,,,,,,,,,,,,,,,,,,,,,,,,,,,,,,,,,,0,0,
,,,,,,,,,,,,,,,,,,,,,,,,,,,,,,,,,,,,,0,0,
,,,,,,,,,,,,,,,,,,,,,,,,,,,,,,,,,,,,,0,0,
,,,,,,,,,,,,,,,,,,,,,,,,,,,,,,,,,,,,,0,0,
,,,,,,,,,,,,,,,,,,,,,,,,,,,,,,,,,,,,,0,0,
,,,,,,,,,,,,,,,,,,,,,,,,,,,,,,,,,,,,,0,0,
,,,,,,,,,,,,,,,,,,,,,,,,,,,,,,,,,,,,,0,0,
,,,,,,,,,,,,,,,,,,,,,,,,,,,,,,,,,,,,,0,0,
,,,,,,,,,,,,,,,,,,,,,,,,,,,,,,,,,,,,,0,0,
,,,,,,,,,,,,,,,,,,,,,,,,,,,,,,,,,,,,,0,0,
,,,,,,,,,,,,,,,,,,,,,,,,,,,,,,,,,,,,,0,0,
,,,,,,,,,,,,,,,,,,,,,,,,,,,,,,,,,,,,,0,0,
,,,,,,,,,,,,,,,,,,,,,,,,,,,,,,,,,,,,,0,0,
,,,,,,,,,,,,,,,,,,,,,,,,,,,,,,,,,,,,,0,0,
,,,,,,,,,,,,,,,,,,,,,,,,,,,,,,,,,,,,,0,0,
,,,,,,,,,,,,,,,,,,,,,,,,,,,,,,,,,,,,,0,0,
,,,,,,,,,,,,,,,,,,,,,,,,,,,,,,,,,,,,,0,0,
,,,,,,,,,,,,,,,,,,,,,,,,,,,,,,,,,,,,,0,0,
,,,,,,,,,,,,,,,,,,,,,,,,,,,,,,,,,,,,,0,0,
,,,,,,,,,,,,,,,,,,,,,,,,,,,,,,,,,,,,,0,0,
,,,,,,,,,,,,,,,,,,,,,,,,,,,,,,,,,,,,,0,0,
,,,,,,,,,,,,,,,,,,,,,,,,,,,,,,,,,,,,,0,0,
,,,,,,,,,,,,,,,,,,,,,,,,,,,,,,,,,,,,,0,0,
,,,,,,,,,,,,,,,,,,,,,,,,,,,,,,,,,,,,,0,0,
,,,,,,,,,,,,,,,,,,,,,,,,,,,,,,,,,,,,,0,0,
,,,,,,,,,,,,,,,,,,,,,,,,,,,,,,,,,,,,,0,0,
,,,,,,,,,,,,,,,,,,,,,,,,,,,,,,,,,,,,,0,0,
,,,,,,,,,,,,,,,,,,,,,,,,,,,,,,,,,,,,,0,0,
,,,,,,,,,,,,,,,,,,,,,,,,,,,,,,,,,,,,,0,0,
,,,,,,,,,,,,,,,,,,,,,,,,,,,,,,,,,,,,,0,0,
,,,,,,,,,,,,,,,,,,,,,,,,,,,,,,,,,,,,,0,0,
,,,,,,,,,,,,,,,,,,,,,,,,,,,,,,,,,,,,,0,0,
,,,,,,,,,,,,,,,,,,,,,,,,,,,,,,,,,,,,,0,0,
,,,,,,,,,,,,,,,,,,,,,,,,,,,,,,,,,,,,,0,0,
,,,,,,,,,,,,,,,,,,,,,,,,,,,,,,,,,,,,,0,0,
,,,,,,,,,,,,,,,,,,,,,,,,,,,,,,,,,,,,,0,0,
,,,,,,,,,,,,,,,,,,,,,,,,,,,,,,,,,,,,,0,0,
,,,,,,,,,,,,,,,,,,,,,,,,,,,,,,,,,,,,,0,0,
,,,,,,,,,,,,,,,,,,,,,,,,,,,,,,,,,,,,,0,0,
,,,,,,,,,,,,,,,,,,,,,,,,,,,,,,,,,,,,,0,0,
,,,,,,,,,,,,,,,,,,,,,,,,,,,,,,,,,,,,,0,0,
,,,,,,,,,,,,,,,,,,,,,,,,,,,,,,,,,,,,,0,0,
,,,,,,,,,,,,,,,,,,,,,,,,,,,,,,,,,,,,,0,0,
,,,,,,,,,,,,,,,,,,,,,,,,,,,,,,,,,,,,,0,0,
,,,,,,,,,,,,,,,,,,,,,,,,,,,,,,,,,,,,,0,0,
,,,,,,,,,,,,,,,,,,,,,,,,,,,,,,,,,,,,,0,0,
,,,,,,,,,,,,,,,,,,,,,,,,,,,,,,,,,,,,,0,0,
,,,,,,,,,,,,,,,,,,,,,,,,,,,,,,,,,,,,,0,0,
,,,,,,,,,,,,,,,,,,,,,,,,,,,,,,,,,,,,,0,0,
,,,,,,,,,,,,,,,,,,,,,,,,,,,,,,,,,,,,,0,0,
,,,,,,,,,,,,,,,,,,,,,,,,,,,,,,,,,,,,,0,0,
,,,,,,,,,,,,,,,,,,,,,,,,,,,,,,,,,,,,,0,0,
,,,,,,,,,,,,,,,,,,,,,,,,,,,,,,,,,,,,,0,0,
,,,,,,,,,,,,,,,,,,,,,,,,,,,,,,,,,,,,,0,0,
,,,,,,,,,,,,,,,,,,,,,,,,,,,,,,,,,,,,,0,0,
,,,,,,,,,,,,,,,,,,,,,,,,,,,,,,,,,,,,,0,0,
,,,,,,,,,,,,,,,,,,,,,,,,,,,,,,,,,,,,,0,0,
,,,,,,,,,,,,,,,,,,,,,,,,,,,,,,,,,,,,,0,0,
,,,,,,,,,,,,,,,,,,,,,,,,,,,,,,,,,,,,,0,0,
,,,,,,,,,,,,,,,,,,,,,,,,,,,,,,,,,,,,,0,0,
,,,,,,,,,,,,,,,,,,,,,,,,,,,,,,,,,,,,,0,0,
,,,,,,,,,,,,,,,,,,,,,,,,,,,,,,,,,,,,,0,0,
,,,,,,,,,,,,,,,,,,,,,,,,,,,,,,,,,,,,,0,0,
,,,,,,,,,,,,,,,,,,,,,,,,,,,,,,,,,,,,,0,0,
,,,,,,,,,,,,,,,,,,,,,,,,,,,,,,,,,,,,,0,0,
,,,,,,,,,,,,,,,,,,,,,,,,,,,,,,,,,,,,,0,0,
,,,,,,,,,,,,,,,,,,,,,,,,,,,,,,,,,,,,,0,0,
,,,,,,,,,,,,,,,,,,,,,,,,,,,,,,,,,,,,,0,0,
,,,,,,,,,,,,,,,,,,,,,,,,,,,,,,,,,,,,,0,0,
,,,,,,,,,,,,,,,,,,,,,,,,,,,,,,,,,,,,,0,0,
,,,,,,,,,,,,,,,,,,,,,,,,,,,,,,,,,,,,,0,0,
,,,,,,,,,,,,,,,,,,,,,,,,,,,,,,,,,,,,,0,0,
,,,,,,,,,,,,,,,,,,,,,,,,,,,,,,,,,,,,,0,0,
,,,,,,,,,,,,,,,,,,,,,,,,,,,,,,,,,,,,,0,0,
,,,,,,,,,,,,,,,,,,,,,,,,,,,,,,,,,,,,,0,0,
,,,,,,,,,,,,,,,,,,,,,,,,,,,,,,,,,,,,,0,0,
,,,,,,,,,,,,,,,,,,,,,,,,,,,,,,,,,,,,,0,0,
,,,,,,,,,,,,,,,,,,,,,,,,,,,,,,,,,,,,,0,0,
,,,,,,,,,,,,,,,,,,,,,,,,,,,,,,,,,,,,,0,0,
,,,,,,,,,,,,,,,,,,,,,,,,,,,,,,,,,,,,,0,0,
,,,,,,,,,,,,,,,,,,,,,,,,,,,,,,,,,,,,,0,0,
,,,,,,,,,,,,,,,,,,,,,,,,,,,,,,,,,,,,,0,0,
,,,,,,,,,,,,,,,,,,,,,,,,,,,,,,,,,,,,,0,0,
,,,,,,,,,,,,,,,,,,,,,,,,,,,,,,,,,,,,,0,0,
,,,,,,,,,,,,,,,,,,,,,,,,,,,,,,,,,,,,,0,0,
,,,,,,,,,,,,,,,,,,,,,,,,,,,,,,,,,,,,,0,0,
,,,,,,,,,,,,,,,,,,,,,,,,,,,,,,,,,,,,,0,0,
,,,,,,,,,,,,,,,,,,,,,,,,,,,,,,,,,,,,,0,0,
,,,,,,,,,,,,,,,,,,,,,,,,,,,,,,,,,,,,,0,0,
,,,,,,,,,,,,,,,,,,,,,,,,,,,,,,,,,,,,,0,0,
,,,,,,,,,,,,,,,,,,,,,,,,,,,,,,,,,,,,,0,0,
,,,,,,,,,,,,,,,,,,,,,,,,,,,,,,,,,,,,,0,0,
,,,,,,,,,,,,,,,,,,,,,,,,,,,,,,,,,,,,,0,0,
,,,,,,,,,,,,,,,,,,,,,,,,,,,,,,,,,,,,,0,0,
,,,,,,,,,,,,,,,,,,,,,,,,,,,,,,,,,,,,,0,0,
,,,,,,,,,,,,,,,,,,,,,,,,,,,,,,,,,,,,,0,0,
,,,,,,,,,,,,,,,,,,,,,,,,,,,,,,,,,,,,,0,0,
,,,,,,,,,,,,,,,,,,,,,,,,,,,,,,,,,,,,,0,0,
,,,,,,,,,,,,,,,,,,,,,,,,,,,,,,,,,,,,,0,0,
,,,,,,,,,,,,,,,,,,,,,,,,,,,,,,,,,,,,,0,0,
,,,,,,,,,,,,,,,,,,,,,,,,,,,,,,,,,,,,,0,0,
,,,,,,,,,,,,,,,,,,,,,,,,,,,,,,,,,,,,,0,0,
,,,,,,,,,,,,,,,,,,,,,,,,,,,,,,,,,,,,,0,0,
,,,,,,,,,,,,,,,,,,,,,,,,,,,,,,,,,,,,,0,0,
,,,,,,,,,,,,,,,,,,,,,,,,,,,,,,,,,,,,,0,0,
,,,,,,,,,,,,,,,,,,,,,,,,,,,,,,,,,,,,,0,0,
,,,,,,,,,,,,,,,,,,,,,,,,,,,,,,,,,,,,,0,0,
,,,,,,,,,,,,,,,,,,,,,,,,,,,,,,,,,,,,,0,0,
,,,,,,,,,,,,,,,,,,,,,,,,,,,,,,,,,,,,,0,0,
,,,,,,,,,,,,,,,,,,,,,,,,,,,,,,,,,,,,,0,0,
,,,,,,,,,,,,,,,,,,,,,,,,,,,,,,,,,,,,,0,0,
,,,,,,,,,,,,,,,,,,,,,,,,,,,,,,,,,,,,,0,0,
,,,,,,,,,,,,,,,,,,,,,,,,,,,,,,,,,,,,,0,0,
,,,,,,,,,,,,,,,,,,,,,,,,,,,,,,,,,,,,,0,0,
,,,,,,,,,,,,,,,,,,,,,,,,,,,,,,,,,,,,,0,0,
,,,,,,,,,,,,,,,,,,,,,,,,,,,,,,,,,,,,,0,0,
,,,,,,,,,,,,,,,,,,,,,,,,,,,,,,,,,,,,,0,0,
,,,,,,,,,,,,,,,,,,,,,,,,,,,,,,,,,,,,,0,0,
,,,,,,,,,,,,,,,,,,,,,,,,,,,,,,,,,,,,,0,0,
,,,,,,,,,,,,,,,,,,,,,,,,,,,,,,,,,,,,,0,0,
,,,,,,,,,,,,,,,,,,,,,,,,,,,,,,,,,,,,,0,0,
,,,,,,,,,,,,,,,,,,,,,,,,,,,,,,,,,,,,,0,0,
,,,,,,,,,,,,,,,,,,,,,,,,,,,,,,,,,,,,,0,0,
,,,,,,,,,,,,,,,,,,,,,,,,,,,,,,,,,,,,,0,0,
,,,,,,,,,,,,,,,,,,,,,,,,,,,,,,,,,,,,,0,0,
,,,,,,,,,,,,,,,,,,,,,,,,,,,,,,,,,,,,,0,0,
,,,,,,,,,,,,,,,,,,,,,,,,,,,,,,,,,,,,,0,0,
,,,,,,,,,,,,,,,,,,,,,,,,,,,,,,,,,,,,,0,0,
,,,,,,,,,,,,,,,,,,,,,,,,,,,,,,,,,,,,,0,0,
,,,,,,,,,,,,,,,,,,,,,,,,,,,,,,,,,,,,,0,0,
,,,,,,,,,,,,,,,,,,,,,,,,,,,,,,,,,,,,,0,0,
,,,,,,,,,,,,,,,,,,,,,,,,,,,,,,,,,,,,,0,0,
,,,,,,,,,,,,,,,,,,,,,,,,,,,,,,,,,,,,,0,0,
,,,,,,,,,,,,,,,,,,,,,,,,,,,,,,,,,,,,,0,0,
,,,,,,,,,,,,,,,,,,,,,,,,,,,,,,,,,,,,,0,0,
,,,,,,,,,,,,,,,,,,,,,,,,,,,,,,,,,,,,,0,0,
,,,,,,,,,,,,,,,,,,,,,,,,,,,,,,,,,,,,,0,0,
,,,,,,,,,,,,,,,,,,,,,,,,,,,,,,,,,,,,,0,0,
,,,,,,,,,,,,,,,,,,,,,,,,,,,,,,,,,,,,,0,0,
,,,,,,,,,,,,,,,,,,,,,,,,,,,,,,,,,,,,,0,0,
,,,,,,,,,,,,,,,,,,,,,,,,,,,,,,,,,,,,,0,0,
,,,,,,,,,,,,,,,,,,,,,,,,,,,,,,,,,,,,,0,0,
,,,,,,,,,,,,,,,,,,,,,,,,,,,,,,,,,,,,,0,0,
,,,,,,,,,,,,,,,,,,,,,,,,,,,,,,,,,,,,,0,0,
,,,,,,,,,,,,,,,,,,,,,,,,,,,,,,,,,,,,,0,0,
,,,,,,,,,,,,,,,,,,,,,,,,,,,,,,,,,,,,,0,0,
,,,,,,,,,,,,,,,,,,,,,,,,,,,,,,,,,,,,,0,0,
,,,,,,,,,,,,,,,,,,,,,,,,,,,,,,,,,,,,,0,0,
,,,,,,,,,,,,,,,,,,,,,,,,,,,,,,,,,,,,,0,0,
,,,,,,,,,,,,,,,,,,,,,,,,,,,,,,,,,,,,,0,0,
,,,,,,,,,,,,,,,,,,,,,,,,,,,,,,,,,,,,,0,0,
,,,,,,,,,,,,,,,,,,,,,,,,,,,,,,,,,,,,,0,0,
,,,,,,,,,,,,,,,,,,,,,,,,,,,,,,,,,,,,,0,0,
,,,,,,,,,,,,,,,,,,,,,,,,,,,,,,,,,,,,,0,0,
,,,,,,,,,,,,,,,,,,,,,,,,,,,,,,,,,,,,,0,0,
,,,,,,,,,,,,,,,,,,,,,,,,,,,,,,,,,,,,,0,0,
,,,,,,,,,,,,,,,,,,,,,,,,,,,,,,,,,,,,,0,0,
,,,,,,,,,,,,,,,,,,,,,,,,,,,,,,,,,,,,,0,0,
,,,,,,,,,,,,,,,,,,,,,,,,,,,,,,,,,,,,,0,0,
,,,,,,,,,,,,,,,,,,,,,,,,,,,,,,,,,,,,,0,0,
,,,,,,,,,,,,,,,,,,,,,,,,,,,,,,,,,,,,,0,0,
,,,,,,,,,,,,,,,,,,,,,,,,,,,,,,,,,,,,,0,0,
,,,,,,,,,,,,,,,,,,,,,,,,,,,,,,,,,,,,,0,0,
,,,,,,,,,,,,,,,,,,,,,,,,,,,,,,,,,,,,,0,0,
,,,,,,,,,,,,,,,,,,,,,,,,,,,,,,,,,,,,,0,0,
,,,,,,,,,,,,,,,,,,,,,,,,,,,,,,,,,,,,,0,0,
,,,,,,,,,,,,,,,,,,,,,,,,,,,,,,,,,,,,,0,0,
,,,,,,,,,,,,,,,,,,,,,,,,,,,,,,,,,,,,,0,0,
,,,,,,,,,,,,,,,,,,,,,,,,,,,,,,,,,,,,,0,0,
,,,,,,,,,,,,,,,,,,,,,,,,,,,,,,,,,,,,,0,0,
,,,,,,,,,,,,,,,,,,,,,,,,,,,,,,,,,,,,,0,0,
,,,,,,,,,,,,,,,,,,,,,,,,,,,,,,,,,,,,,0,0,
,,,,,,,,,,,,,,,,,,,,,,,,,,,,,,,,,,,,,0,0,
,,,,,,,,,,,,,,,,,,,,,,,,,,,,,,,,,,,,,0,0,
,,,,,,,,,,,,,,,,,,,,,,,,,,,,,,,,,,,,,0,0,
,,,,,,,,,,,,,,,,,,,,,,,,,,,,,,,,,,,,,0,0,
,,,,,,,,,,,,,,,,,,,,,,,,,,,,,,,,,,,,,0,0,
,,,,,,,,,,,,,,,,,,,,,,,,,,,,,,,,,,,,,0,0,
,,,,,,,,,,,,,,,,,,,,,,,,,,,,,,,,,,,,,0,0,
,,,,,,,,,,,,,,,,,,,,,,,,,,,,,,,,,,,,,0,0,
,,,,,,,,,,,,,,,,,,,,,,,,,,,,,,,,,,,,,0,0,
,,,,,,,,,,,,,,,,,,,,,,,,,,,,,,,,,,,,,0,0,
,,,,,,,,,,,,,,,,,,,,,,,,,,,,,,,,,,,,,0,0,
,,,,,,,,,,,,,,,,,,,,,,,,,,,,,,,,,,,,,0,0,
,,,,,,,,,,,,,,,,,,,,,,,,,,,,,,,,,,,,,0,0,
,,,,,,,,,,,,,,,,,,,,,,,,,,,,,,,,,,,,,0,0,
,,,,,,,,,,,,,,,,,,,,,,,,,,,,,,,,,,,,,0,0,
,,,,,,,,,,,,,,,,,,,,,,,,,,,,,,,,,,,,,0,0,
,,,,,,,,,,,,,,,,,,,,,,,,,,,,,,,,,,,,,0,0,
,,,,,,,,,,,,,,,,,,,,,,,,,,,,,,,,,,,,,0,0,
,,,,,,,,,,,,,,,,,,,,,,,,,,,,,,,,,,,,,0,0,
,,,,,,,,,,,,,,,,,,,,,,,,,,,,,,,,,,,,,0,0,
,,,,,,,,,,,,,,,,,,,,,,,,,,,,,,,,,,,,,0,0,
,,,,,,,,,,,,,,,,,,,,,,,,,,,,,,,,,,,,,0,0,
,,,,,,,,,,,,,,,,,,,,,,,,,,,,,,,,,,,,,0,0,
,,,,,,,,,,,,,,,,,,,,,,,,,,,,,,,,,,,,,0,0,